numeric__Age,numeric__RestingBP,numeric__Cholesterol,numeric__FastingBS,numeric__MaxHR,numeric__Oldpeak,categorical__Sex_F,categorical__Sex_M,categorical__ChestPainType_ASY,categorical__ChestPainType_ATA,categorical__ChestPainType_NAP,categorical__ChestPainType_TA,categorical__RestingECG_LVH,categorical__RestingECG_Normal,categorical__RestingECG_ST,categorical__ExerciseAngina_N,categorical__ExerciseAngina_Y,categorical__ST_Slope_Down,categorical__ST_Slope_Flat,categorical__ST_Slope_Up,HeartDisease
0.9700115960031723,0.33901580130758263,-0.5174988652067097,1.835496559257908,-0.32451998182889474,0.31704566792597566,0.0,1.0,0.0,1.0,0.0,0.0,0.0,0.0,1.0,0.0,1.0,0.0,1.0,0.0,1
0.12202766095320557,-1.2660309839756063,-0.5728347803810493,1.835496559257908,1.6898366072823834,-0.4403555371437269,0.0,1.0,0.0,1.0,0.0,0.0,0.0,0.0,1.0,1.0,0.0,0.0,0.0,1.0,0
0.546019628478189,-0.1591021665389243,1.7143830468249874,1.835496559257908,-0.24704472840153788,0.6010711198271141,1.0,0.0,1.0,0.0,0.0,0.0,0.0,0.0,1.0,0.0,1.0,0.0,1.0,0.0,1
-0.7259562740967611,1.5012910596160989,-0.13014745898633254,-0.5448116995677182,-0.4794704886836084,-0.8190561396785782,0.0,1.0,1.0,0.0,0.0,0.0,0.0,1.0,0.0,0.0,1.0,0.0,1.0,0.0,1
-0.4079622984530236,0.6710944465385873,-0.13014745898633254,1.835496559257908,0.10159391202156795,-0.15633008524258848,0.0,1.0,1.0,0.0,0.0,0.0,0.0,1.0,0.0,0.0,1.0,0.0,1.0,0.0,1
-0.5139602903342695,0.062283596948412116,0.47854760793140305,-0.5448116995677182,0.9925593264361717,-0.8190561396785782,1.0,0.0,0.0,1.0,0.0,0.0,0.0,1.0,0.0,1.0,0.0,0.0,1.0,0.0,0
1.076009587884418,0.6157480056667531,-0.13014745898633254,-0.5448116995677182,-0.5569457421109653,0.12769536665855005,0.0,1.0,1.0,0.0,0.0,0.0,0.0,0.0,1.0,0.0,1.0,0.0,1.0,0.0,1
-0.7259562740967611,0.39436224217941673,0.22031333711781825,-0.5448116995677182,-0.053356594833145754,0.12769536665855005,1.0,0.0,0.0,1.0,0.0,0.0,0.0,1.0,0.0,1.0,0.0,0.0,0.0,1.0,0
-0.19596631469053194,-0.7125665752572653,-0.6466160006135021,-0.5448116995677182,0.45023255244467375,-0.8190561396785782,1.0,0.0,0.0,1.0,0.0,0.0,0.0,1.0,0.0,1.0,0.0,0.0,0.0,1.0,0
-1.3619442253842362,-1.1553381022319382,0.09119620171102587,-0.5448116995677182,1.6510989805687049,-0.8190561396785782,0.0,1.0,0.0,0.0,1.0,0.0,0.0,1.0,0.0,1.0,0.0,0.0,0.0,1.0,0
0.546019628478189,-0.7125665752572653,-0.13014745898633254,-0.5448116995677182,-0.8281091291067143,-0.8190561396785782,0.0,1.0,1.0,0.0,0.0,0.0,0.0,1.0,0.0,1.0,0.0,0.0,1.0,0.0,1
1.182007579765664,1.2245588552569282,0.44165699781517664,-0.5448116995677182,0.45023255244467375,-0.06165493460887556,1.0,0.0,0.0,0.0,1.0,0.0,0.0,1.0,0.0,1.0,0.0,0.0,0.0,1.0,0
0.7580156122406806,0.062283596948412116,-0.13014745898633254,1.835496559257908,-1.9515003038033887,0.6010711198271141,0.0,1.0,1.0,0.0,0.0,0.0,0.0,0.0,1.0,1.0,0.0,0.0,1.0,0.0,1
0.9700115960031723,0.17297647869208033,-1.476654728228596,-0.5448116995677182,-0.13083184826050262,-0.6297058384111525,0.0,1.0,0.0,1.0,0.0,0.0,0.0,0.0,1.0,1.0,0.0,0.0,0.0,1.0,0
0.12202766095320557,-0.2697950482825925,-0.7388425259040681,-0.5448116995677182,-0.24704472840153788,1.0744468729956784,1.0,0.0,1.0,0.0,0.0,0.0,0.0,0.0,1.0,0.0,1.0,0.0,1.0,0.0,1
0.12202766095320557,1.5012910596160989,0.8105630989774406,-0.5448116995677182,0.3340196723036385,-0.06165493460887556,0.0,1.0,1.0,0.0,0.0,0.0,1.0,0.0,0.0,0.0,1.0,0.0,1.0,0.0,1
0.546019628478189,1.7226768231034353,-1.2737563725893508,1.835496559257908,-1.796549796948675,0.12769536665855005,0.0,1.0,1.0,0.0,0.0,0.0,1.0,0.0,0.0,1.0,0.0,0.0,1.0,0.0,1
1.6059995472906474,0.5050551239230849,-0.6466160006135021,1.835496559257908,-0.9443220092477496,0.6010711198271141,0.0,1.0,1.0,0.0,0.0,0.0,0.0,0.0,1.0,0.0,1.0,0.0,1.0,0.0,1
0.4400216365969431,-1.2660309839756063,-0.8679596613108606,-0.5448116995677182,-1.0217972626751064,-0.8190561396785782,0.0,1.0,1.0,0.0,0.0,0.0,0.0,1.0,0.0,1.0,0.0,0.0,1.0,0.0,1
0.8640136041219264,-0.9892987796164359,-0.13014745898633254,1.835496559257908,-2.4938270777948865,-1.292431892847142,0.0,1.0,1.0,0.0,0.0,0.0,0.0,1.0,0.0,0.0,1.0,0.0,1.0,0.0,1
1.182007579765664,1.5012910596160989,-0.13014745898633254,1.835496559257908,-0.5569457421109653,0.31704566792597566,0.0,1.0,1.0,0.0,0.0,0.0,0.0,0.0,1.0,1.0,0.0,0.0,1.0,0.0,1
1.5000015554094015,0.6157480056667531,-0.9601861866014265,1.835496559257908,0.1790691654489248,2.3998989818676577,0.0,1.0,1.0,0.0,0.0,0.0,0.0,1.0,0.0,1.0,0.0,0.0,1.0,0.0,1
0.9700115960031723,0.39436224217941673,-1.0708580169501056,-0.5448116995677182,0.2952820455899601,2.9679498856699347,0.0,1.0,1.0,0.0,0.0,0.0,1.0,0.0,0.0,0.0,1.0,0.0,0.0,1.0,1
-0.7259562740967611,0.11763003782024622,0.05430559159479947,1.835496559257908,1.3024603401455992,-0.8190561396785782,1.0,0.0,0.0,0.0,1.0,0.0,0.0,1.0,0.0,1.0,0.0,0.0,1.0,0.0,1
0.12202766095320557,0.39436224217941673,-0.5174988652067097,-0.5448116995677182,-0.983059635961428,4.482752295809339,0.0,1.0,1.0,0.0,0.0,0.0,0.0,1.0,0.0,0.0,1.0,1.0,0.0,0.0,1
-0.4079622984530236,2.05475546833444,-0.6650613056716154,-0.5448116995677182,-0.7893715023930359,-0.8190561396785782,0.0,1.0,0.0,1.0,0.0,0.0,0.0,0.0,1.0,1.0,0.0,0.0,0.0,1.0,0
0.7580156122406806,0.062283596948412116,-0.20392867921878532,-0.5448116995677182,0.3340196723036385,1.6424977767979554,0.0,1.0,0.0,0.0,0.0,1.0,0.0,1.0,0.0,1.0,0.0,0.0,1.0,0.0,1
0.4400216365969431,-0.9339523387446017,-0.13014745898633254,-0.5448116995677182,-0.4794704886836084,0.12769536665855005,0.0,1.0,1.0,0.0,0.0,0.0,0.0,1.0,0.0,1.0,0.0,0.0,0.0,1.0,1
0.22802565283445142,-0.1591021665389243,-0.4806082550904833,-0.5448116995677182,1.0700345798635287,-0.8190561396785782,1.0,0.0,0.0,0.0,1.0,0.0,0.0,0.0,1.0,1.0,0.0,0.0,0.0,1.0,0
-0.5139602903342695,-0.1591021665389243,0.38632108264083703,-0.5448116995677182,1.3411979668592775,-0.2510052358763013,0.0,1.0,0.0,1.0,0.0,0.0,0.0,1.0,0.0,1.0,0.0,0.0,0.0,1.0,0
0.6520176203594348,-0.7125665752572653,-1.2368657624731245,1.835496559257908,-1.5641240366666043,-0.8190561396785782,1.0,0.0,0.0,0.0,1.0,0.0,0.0,1.0,0.0,1.0,0.0,0.0,0.0,1.0,0
-1.8919341847904654,-0.7125665752572653,-1.458209423170483,-0.5448116995677182,1.6898366072823834,-0.8190561396785782,0.0,1.0,0.0,1.0,0.0,0.0,0.0,1.0,0.0,1.0,0.0,0.0,0.0,1.0,0
1.182007579765664,2.05475546833444,0.3309851674664975,1.835496559257908,-0.9443220092477496,1.0744468729956784,0.0,1.0,1.0,0.0,0.0,0.0,0.0,1.0,0.0,0.0,1.0,0.0,1.0,0.0,1
0.01602966907195973,-0.6018736935135971,0.755227183803101,-0.5448116995677182,-0.7893715023930359,2.2105486806002324,0.0,1.0,1.0,0.0,0.0,0.0,1.0,0.0,0.0,0.0,1.0,0.0,1.0,0.0,1
-2.103930168552957,0.39436224217941673,-1.642662473751615,-0.5448116995677182,1.6898366072823834,-0.8190561396785782,0.0,1.0,0.0,0.0,0.0,1.0,0.0,1.0,0.0,1.0,0.0,0.0,1.0,0.0,1
-0.3019643065717778,1.5012910596160989,1.0687973697910254,-0.5448116995677182,0.5277078058720306,0.12769536665855005,1.0,0.0,1.0,0.0,0.0,0.0,0.0,1.0,0.0,0.0,1.0,0.0,1.0,0.0,1
-0.08996832280928611,0.6157480056667531,1.0134614546166858,1.835496559257908,-0.32451998182889474,0.6010711198271141,0.0,1.0,1.0,0.0,0.0,0.0,0.0,0.0,1.0,0.0,1.0,0.0,1.0,0.0,1
0.33402364471569723,0.6157480056667531,0.46010230287328985,1.835496559257908,0.9150840730088149,1.0744468729956784,0.0,1.0,1.0,0.0,0.0,0.0,0.0,0.0,1.0,0.0,1.0,0.0,1.0,0.0,1
0.4400216365969431,0.11763003782024622,-0.4252723399161437,-0.5448116995677182,-1.4091735298118906,-0.8190561396785782,0.0,1.0,1.0,0.0,0.0,0.0,0.0,1.0,0.0,1.0,0.0,0.0,0.0,1.0,0
-0.7259562740967611,0.9478266508977577,-0.3514911196836909,-0.5448116995677182,-1.4866487832392474,0.6010711198271141,0.0,1.0,1.0,0.0,0.0,0.0,0.0,1.0,0.0,0.0,1.0,0.0,1.0,0.0,1
-1.3619442253842362,-0.43583437089809485,-1.1261939321244454,-0.5448116995677182,1.6898366072823834,-0.8190561396785782,1.0,0.0,0.0,1.0,0.0,0.0,0.0,1.0,0.0,1.0,0.0,0.0,0.0,1.0,0
0.01602966907195973,0.39436224217941673,-0.5359441702648229,-0.5448116995677182,-1.2154853962434986,0.6010711198271141,0.0,1.0,1.0,0.0,0.0,0.0,0.0,1.0,0.0,1.0,0.0,0.0,1.0,0.0,1
0.7580156122406806,0.5050551239230849,-0.8310690511946341,1.835496559257908,-1.4091735298118906,0.6010711198271141,0.0,1.0,0.0,0.0,0.0,1.0,0.0,0.0,1.0,1.0,0.0,1.0,0.0,0.0,1
1.076009587884418,2.05475546833444,-0.3330458146255777,-0.5448116995677182,0.7213959394404228,-0.2510052358763013,0.0,1.0,0.0,0.0,0.0,1.0,1.0,0.0,0.0,1.0,0.0,0.0,1.0,0.0,0
1.2880055716469099,0.9478266508977577,-0.13014745898633254,-0.5448116995677182,-1.0992725161024632,1.0744468729956784,0.0,1.0,1.0,0.0,0.0,0.0,0.0,1.0,0.0,0.0,1.0,0.0,1.0,0.0,1
-1.2559462335029903,-1.542763188334777,-0.13014745898633254,1.835496559257908,-0.32451998182889474,-2.2391833991842702,0.0,1.0,1.0,0.0,0.0,0.0,0.0,1.0,0.0,0.0,1.0,1.0,0.0,0.0,1
0.22802565283445142,-0.7125665752572653,0.6261100483963087,-0.5448116995677182,0.5277078058720306,0.12769536665855005,1.0,0.0,0.0,1.0,0.0,0.0,0.0,1.0,0.0,1.0,0.0,0.0,1.0,0.0,1
-0.7259562740967611,-1.2660309839756063,0.07275089665291266,-0.5448116995677182,0.5277078058720306,-0.8190561396785782,0.0,1.0,0.0,0.0,0.0,1.0,0.0,1.0,0.0,1.0,0.0,0.0,0.0,1.0,0
0.12202766095320557,2.608219877052781,1.5114846911857422,-0.5448116995677182,-0.7506338756793575,2.3998989818676577,1.0,0.0,1.0,0.0,0.0,0.0,0.0,0.0,1.0,0.0,1.0,0.0,1.0,0.0,1
0.8640136041219264,-0.7125665752572653,-0.13014745898633254,1.835496559257908,-0.5182081153972868,0.7904214210945397,1.0,0.0,1.0,0.0,0.0,0.0,0.0,0.0,1.0,0.0,1.0,1.0,0.0,0.0,1
0.22802565283445142,1.2245588552569282,-0.13014745898633254,-0.5448116995677182,-1.4479111565255691,-0.8190561396785782,0.0,1.0,0.0,0.0,1.0,0.0,0.0,0.0,1.0,1.0,0.0,0.0,1.0,0.0,1
1.2880055716469099,1.5012910596160989,-0.31460050956746455,-0.5448116995677182,0.06285628530788952,1.3584723248968167,0.0,1.0,1.0,0.0,0.0,0.0,1.0,0.0,0.0,1.0,0.0,0.0,0.0,1.0,0
0.546019628478189,2.05475546833444,0.7921177939193275,-0.5448116995677182,0.8763464462951365,-0.6297058384111525,0.0,1.0,0.0,0.0,0.0,1.0,1.0,0.0,0.0,1.0,0.0,0.0,1.0,0.0,1
1.182007579765664,0.28366936043574853,0.6814459635706482,1.835496559257908,1.4574108470003129,0.5063959691934012,0.0,1.0,0.0,0.0,0.0,1.0,1.0,0.0,0.0,1.0,0.0,0.0,1.0,0.0,1
-1.1499482416217446,-0.9892987796164359,1.0687973697910254,-0.5448116995677182,1.728574233996062,0.31704566792597566,0.0,1.0,1.0,0.0,0.0,0.0,0.0,1.0,0.0,1.0,0.0,0.0,1.0,0.0,0
1.076009587884418,-0.1591021665389243,0.23875864217593146,1.835496559257908,-0.24704472840153788,-0.8190561396785782,0.0,1.0,1.0,0.0,0.0,0.0,1.0,0.0,0.0,1.0,0.0,0.0,1.0,0.0,1
1.2880055716469099,0.39436224217941673,-1.9562326597395392,-0.5448116995677182,-1.641599290093961,0.12769536665855005,0.0,1.0,1.0,0.0,0.0,0.0,0.0,1.0,0.0,0.0,1.0,0.0,1.0,0.0,1
0.8640136041219264,0.9478266508977577,-0.13014745898633254,1.835496559257908,-2.261401317512816,1.0744468729956784,0.0,1.0,1.0,0.0,0.0,0.0,0.0,0.0,1.0,1.0,0.0,0.0,1.0,0.0,1
-0.5139602903342695,-1.2660309839756063,-0.6835066107297285,-0.5448116995677182,0.9150840730088149,-0.8190561396785782,1.0,0.0,0.0,1.0,0.0,0.0,0.0,1.0,0.0,1.0,0.0,0.0,0.0,1.0,0
1.3940035635281556,0.39436224217941673,-0.4806082550904833,-0.5448116995677182,-0.5569457421109653,1.0744468729956784,0.0,1.0,1.0,0.0,0.0,0.0,0.0,0.0,1.0,0.0,1.0,0.0,1.0,0.0,1
-1.3619442253842362,-0.1591021665389243,-0.001030323579540133,-0.5448116995677182,0.5277078058720306,-0.8190561396785782,1.0,0.0,0.0,1.0,0.0,0.0,0.0,1.0,0.0,1.0,0.0,0.0,0.0,1.0,0
-0.7259562740967611,-0.7125665752572653,-0.7388425259040681,-0.5448116995677182,-1.4866487832392474,1.0744468729956784,1.0,0.0,1.0,0.0,0.0,0.0,0.0,1.0,0.0,0.0,1.0,0.0,1.0,0.0,1
0.7580156122406806,-0.7125665752572653,-0.13014745898633254,-0.5448116995677182,-2.183926064085459,-0.8190561396785782,0.0,1.0,0.0,0.0,1.0,0.0,0.0,1.0,0.0,0.0,1.0,0.0,1.0,0.0,1
-1.6799382010279738,0.39436224217941673,0.9581255394423462,-0.5448116995677182,0.5277078058720306,-0.8190561396785782,0.0,1.0,0.0,1.0,0.0,0.0,0.0,1.0,0.0,1.0,0.0,0.0,0.0,1.0,0
1.076009587884418,0.44970868305125083,-0.01947562863765333,1.835496559257908,-0.7893715023930359,0.6010711198271141,0.0,1.0,1.0,0.0,0.0,0.0,0.0,0.0,1.0,0.0,1.0,0.0,1.0,0.0,1
0.8640136041219264,-0.7125665752572653,-0.4621629500323701,-0.5448116995677182,-1.9515003038033887,-0.8190561396785782,0.0,1.0,0.0,0.0,1.0,0.0,1.0,0.0,0.0,1.0,0.0,0.0,0.0,1.0,0
0.6520176203594348,0.6710944465385873,0.6814459635706482,-0.5448116995677182,0.2178067921626032,1.8318480780653807,0.0,1.0,1.0,0.0,0.0,0.0,1.0,0.0,0.0,0.0,1.0,0.0,1.0,0.0,1
-0.4079622984530236,-0.7125665752572653,-1.4213188130542564,-0.5448116995677182,0.9150840730088149,-0.8190561396785782,0.0,1.0,0.0,1.0,0.0,0.0,0.0,1.0,0.0,1.0,0.0,0.0,0.0,1.0,0
-2.633920127959186,-0.1591021665389243,-0.7572878309621813,-0.5448116995677182,2.5420643949833086,-0.8190561396785782,0.0,1.0,0.0,1.0,0.0,0.0,1.0,0.0,0.0,1.0,0.0,0.0,0.0,1.0,0
-0.4079622984530236,0.39436224217941673,-0.5359441702648229,-0.5448116995677182,1.3024603401455992,-0.8190561396785782,0.0,1.0,0.0,1.0,0.0,0.0,0.0,1.0,0.0,1.0,0.0,0.0,0.0,1.0,0
-1.7859361929092195,-0.1591021665389243,0.09119620171102587,-0.5448116995677182,1.9609999942781324,2.494574132501371,0.0,1.0,0.0,0.0,1.0,0.0,0.0,1.0,0.0,1.0,0.0,1.0,0.0,0.0,0
-1.3619442253842362,-0.43583437089809485,0.44165699781517664,-0.5448116995677182,0.2952820455899601,-0.8190561396785782,0.0,1.0,0.0,1.0,0.0,0.0,0.0,1.0,0.0,1.0,0.0,0.0,0.0,1.0,0
0.33402364471569723,-1.2660309839756063,1.6590471316506479,-0.5448116995677182,0.25654441887628165,2.0211983793328065,0.0,1.0,1.0,0.0,0.0,0.0,0.0,1.0,0.0,0.0,1.0,0.0,1.0,0.0,1
0.8640136041219264,1.5012910596160989,0.16497742194347867,1.835496559257908,-1.0992725161024632,2.0211983793328065,0.0,1.0,1.0,0.0,0.0,0.0,0.0,0.0,1.0,0.0,1.0,0.0,1.0,0.0,1
0.7580156122406806,-0.7125665752572653,0.6814459635706482,-0.5448116995677182,-0.053356594833145754,2.9679498856699347,0.0,1.0,1.0,0.0,0.0,0.0,0.0,0.0,1.0,0.0,1.0,1.0,0.0,0.0,1
1.9239935229343847,1.5012910596160989,-0.13014745898633254,-0.5448116995677182,-0.8668467558203927,0.695746270460827,0.0,1.0,0.0,0.0,1.0,0.0,1.0,0.0,0.0,1.0,0.0,0.0,1.0,0.0,0
-1.3619442253842362,-1.598109629206611,-0.13014745898633254,-0.5448116995677182,-0.983059635961428,-0.8190561396785782,0.0,1.0,1.0,0.0,0.0,0.0,0.0,0.0,1.0,1.0,0.0,0.0,0.0,1.0,0
-0.08996832280928611,0.39436224217941673,1.3823675557789499,-0.5448116995677182,0.9925593264361717,-0.8190561396785782,0.0,1.0,0.0,1.0,0.0,0.0,0.0,1.0,0.0,1.0,0.0,0.0,0.0,1.0,0
0.01602966907195973,-0.04840928479525609,-1.1630845422406717,-0.5448116995677182,0.1790691654489248,-0.7243809890448654,0.0,1.0,0.0,1.0,0.0,0.0,0.0,0.0,1.0,1.0,0.0,0.0,0.0,1.0,0
1.7119975391718931,1.2799052961287625,-0.001030323579540133,-0.5448116995677182,0.25654441887628165,-0.8190561396785782,0.0,1.0,0.0,1.0,0.0,0.0,1.0,0.0,0.0,1.0,0.0,0.0,0.0,1.0,0
-0.7259562740967611,-0.1591021665389243,-0.18548337416067212,-0.5448116995677182,0.3340196723036385,1.0744468729956784,1.0,0.0,0.0,0.0,1.0,0.0,0.0,1.0,0.0,1.0,0.0,0.0,1.0,0.0,0
-1.1499482416217446,0.9478266508977577,0.03586028653668626,-0.5448116995677182,-0.24704472840153788,1.0744468729956784,0.0,1.0,1.0,0.0,0.0,0.0,0.0,1.0,0.0,0.0,1.0,0.0,1.0,0.0,1
0.33402364471569723,0.39436224217941673,-0.9786314916595397,-0.5448116995677182,0.45023255244467375,-0.4403555371437269,0.0,1.0,1.0,0.0,0.0,0.0,0.0,1.0,0.0,1.0,0.0,0.0,1.0,0.0,0
-0.08996832280928611,-0.7125665752572653,-1.181529847298785,-0.5448116995677182,-0.16956947497418104,-0.8190561396785782,0.0,1.0,0.0,1.0,0.0,0.0,0.0,1.0,0.0,1.0,0.0,0.0,0.0,1.0,0
-0.19596631469053194,-0.43583437089809485,-0.6097253904972757,-0.5448116995677182,1.2249850867182424,0.12769536665855005,0.0,1.0,1.0,0.0,0.0,0.0,0.0,1.0,0.0,1.0,0.0,0.0,0.0,1.0,1
-0.6199582822155153,-0.6018736935135971,-0.4252723399161437,-0.5448116995677182,1.922262367564454,-0.8190561396785782,0.0,1.0,1.0,0.0,0.0,0.0,1.0,0.0,0.0,1.0,0.0,0.0,0.0,1.0,0
-1.2559462335029903,-0.7125665752572653,-0.9048502714270868,-0.5448116995677182,0.5277078058720306,-0.8190561396785782,0.0,1.0,0.0,1.0,0.0,0.0,0.0,1.0,0.0,1.0,0.0,0.0,0.0,1.0,0
-0.5139602903342695,0.39436224217941673,-0.20392867921878532,-0.5448116995677182,0.14033153873524637,0.12769536665855005,0.0,1.0,1.0,0.0,0.0,0.0,0.0,1.0,0.0,0.0,1.0,0.0,1.0,0.0,1
0.33402364471569723,1.058519532641426,0.5338835231057426,-0.5448116995677182,-1.8740250503760318,0.31704566792597566,0.0,1.0,1.0,0.0,0.0,0.0,0.0,1.0,0.0,0.0,1.0,0.0,1.0,0.0,1
-1.0439502497404987,-0.7125665752572653,-0.3514911196836909,-0.5448116995677182,1.2637227134319207,-0.8190561396785782,0.0,1.0,0.0,0.0,1.0,0.0,0.0,1.0,0.0,1.0,0.0,0.0,0.0,1.0,0
1.3940035635281556,-0.7125665752572653,-0.29615520450935134,-0.5448116995677182,-0.2857823551152163,1.6424977767979554,0.0,1.0,1.0,0.0,0.0,0.0,1.0,0.0,0.0,0.0,1.0,0.0,1.0,0.0,1
-0.831954265978007,-0.7125665752572653,0.5892194382800823,-0.5448116995677182,-0.44073286196993,0.12769536665855005,0.0,1.0,1.0,0.0,0.0,0.0,0.0,1.0,0.0,0.0,1.0,0.0,1.0,0.0,1
-0.6199582822155153,0.28366936043574853,-0.5728347803810493,-0.5448116995677182,-1.0992725161024632,0.6010711198271141,1.0,0.0,1.0,0.0,0.0,0.0,0.0,1.0,0.0,0.0,1.0,0.0,1.0,0.0,1
1.2880055716469099,0.7264408874104213,0.6076647433381954,-0.5448116995677182,0.6051830592993874,-0.8190561396785782,1.0,0.0,0.0,0.0,1.0,0.0,1.0,0.0,0.0,1.0,0.0,0.0,1.0,0.0,0
0.33402364471569723,-1.2660309839756063,-0.8864049663689737,-0.5448116995677182,-1.4091735298118906,-0.8190561396785782,0.0,1.0,1.0,0.0,0.0,0.0,1.0,0.0,0.0,1.0,0.0,0.0,0.0,1.0,0
-0.3019643065717778,-0.1591021665389243,1.1056879799072519,-0.5448116995677182,0.2178067921626032,0.31704566792597566,1.0,0.0,1.0,0.0,0.0,0.0,0.0,1.0,0.0,0.0,1.0,0.0,1.0,0.0,1
0.9700115960031723,1.5012910596160989,-0.27770989945123814,1.835496559257908,-1.2154853962434986,0.12769536665855005,0.0,1.0,1.0,0.0,0.0,0.0,0.0,1.0,0.0,0.0,1.0,0.0,1.0,0.0,1
1.5000015554094015,0.062283596948412116,0.16497742194347867,1.835496559257908,0.566445432585709,-0.8190561396785782,0.0,1.0,0.0,0.0,1.0,0.0,0.0,1.0,0.0,0.0,1.0,0.0,0.0,1.0,0
0.33402364471569723,0.9478266508977577,-2.196021625495011,1.835496559257908,1.4186732202866343,-0.6297058384111525,0.0,1.0,0.0,0.0,1.0,0.0,0.0,1.0,0.0,1.0,0.0,0.0,0.0,1.0,0
-0.4079622984530236,0.6710944465385873,0.3494304725246107,-0.5448116995677182,0.5277078058720306,-0.8190561396785782,0.0,1.0,1.0,0.0,0.0,0.0,0.0,1.0,0.0,1.0,0.0,0.0,1.0,0.0,1
0.6520176203594348,-0.1591021665389243,-0.7203972208459549,-0.5448116995677182,-0.16956947497418104,1.4531474755305296,0.0,1.0,1.0,0.0,0.0,0.0,1.0,0.0,0.0,0.0,1.0,0.0,1.0,0.0,1
1.3940035635281556,1.5012910596160989,2.5628670794981945,1.835496559257908,-0.24704472840153788,-0.8190561396785782,0.0,1.0,1.0,0.0,0.0,0.0,0.0,0.0,1.0,0.0,1.0,0.0,1.0,0.0,1
0.22802565283445142,-0.7125665752572653,-2.675599557005954,-0.5448116995677182,-0.6344209955383221,0.6010711198271141,0.0,1.0,1.0,0.0,0.0,0.0,0.0,1.0,0.0,0.0,1.0,0.0,1.0,0.0,1
0.01602966907195973,-0.7125665752572653,-1.365982897879917,-0.5448116995677182,0.024118658594211095,1.0744468729956784,0.0,1.0,0.0,0.0,0.0,1.0,0.0,1.0,0.0,1.0,0.0,0.0,0.0,1.0,0
1.182007579765664,0.39436224217941673,3.1715621464159303,1.835496559257908,0.7988711928677796,-0.06165493460887556,1.0,0.0,0.0,0.0,1.0,0.0,1.0,0.0,0.0,1.0,0.0,0.0,0.0,1.0,0
0.22802565283445142,-0.1591021665389243,-0.7757331360202945,1.835496559257908,-1.4866487832392474,0.6010711198271141,0.0,1.0,1.0,0.0,0.0,0.0,0.0,1.0,0.0,1.0,0.0,0.0,1.0,0.0,1
-0.08996832280928611,-0.3804879300262607,-0.13014745898633254,-0.5448116995677182,-1.17674776952982,-0.8190561396785782,0.0,1.0,1.0,0.0,0.0,0.0,0.0,1.0,0.0,1.0,0.0,0.0,1.0,0.0,1
1.182007579765664,0.11763003782024622,0.16497742194347867,-0.5448116995677182,-0.36325760854257316,1.8318480780653807,0.0,1.0,1.0,0.0,0.0,0.0,1.0,0.0,0.0,1.0,0.0,0.0,1.0,0.0,1
0.6520176203594348,-0.1591021665389243,0.14653211688536547,-0.5448116995677182,0.2952820455899601,0.5063959691934012,0.0,1.0,1.0,0.0,0.0,0.0,0.0,1.0,0.0,0.0,1.0,0.0,0.0,1.0,1
1.076009587884418,0.9478266508977577,-0.9601861866014265,-0.5448116995677182,-0.053356594833145754,-0.3456803865100141,0.0,1.0,1.0,0.0,0.0,0.0,0.0,0.0,1.0,0.0,1.0,0.0,1.0,0.0,1
0.01602966907195973,1.5012910596160989,1.2348051153140442,-0.5448116995677182,-0.24704472840153788,-0.8190561396785782,1.0,0.0,0.0,1.0,0.0,0.0,0.0,1.0,0.0,1.0,0.0,0.0,0.0,1.0,0
0.12202766095320557,-0.7125665752572653,-0.4621629500323701,-0.5448116995677182,-0.09209422154682419,-0.8190561396785782,0.0,1.0,0.0,0.0,1.0,0.0,1.0,0.0,0.0,1.0,0.0,0.0,0.0,1.0,0
0.01602966907195973,-0.04840928479525609,0.7921177939193275,1.835496559257908,0.8763464462951365,-0.8190561396785782,1.0,0.0,0.0,1.0,0.0,0.0,1.0,0.0,0.0,0.0,1.0,0.0,0.0,1.0,0
0.01602966907195973,2.608219877052781,-0.13014745898633254,1.835496559257908,0.5277078058720306,0.6010711198271141,0.0,1.0,1.0,0.0,0.0,0.0,0.0,1.0,0.0,1.0,0.0,0.0,1.0,0.0,1
-0.6199582822155153,1.5012910596160989,-0.9601861866014265,-0.5448116995677182,-1.3316982763845338,2.0211983793328065,0.0,1.0,1.0,0.0,0.0,0.0,0.0,1.0,0.0,0.0,1.0,0.0,1.0,0.0,1
-0.6199582822155153,0.9478266508977577,-0.3330458146255777,-0.5448116995677182,-0.24704472840153788,0.12769536665855005,1.0,0.0,1.0,0.0,0.0,0.0,0.0,1.0,0.0,0.0,1.0,0.0,1.0,0.0,0
0.9700115960031723,-0.1591021665389243,0.16497742194347867,-0.5448116995677182,0.41149492573099533,0.5063959691934012,0.0,1.0,1.0,0.0,0.0,0.0,1.0,0.0,0.0,1.0,0.0,0.0,1.0,0.0,1
1.3940035635281556,0.7264408874104213,2.2861875036264965,-0.5448116995677182,-1.0217972626751064,0.9797717223619655,0.0,1.0,1.0,0.0,0.0,0.0,0.0,1.0,0.0,0.0,1.0,0.0,1.0,0.0,1
1.076009587884418,-0.1591021665389243,1.0687973697910254,-0.5448116995677182,-0.5569457421109653,1.0744468729956784,1.0,0.0,1.0,0.0,0.0,0.0,0.0,1.0,0.0,1.0,0.0,0.0,1.0,0.0,0
-0.4079622984530236,0.39436224217941673,-0.25926459439312494,-0.5448116995677182,0.14033153873524637,3.9147013920070632,0.0,1.0,1.0,0.0,0.0,0.0,0.0,0.0,1.0,0.0,1.0,0.0,1.0,0.0,1
-1.7859361929092195,-0.7125665752572653,-0.5543894753229361,-0.5448116995677182,1.3024603401455992,-0.8190561396785782,1.0,0.0,0.0,0.0,1.0,0.0,0.0,1.0,0.0,1.0,0.0,0.0,0.0,1.0,0
1.3940035635281556,1.058519532641426,0.5892194382800823,-0.5448116995677182,1.379935593572956,-0.8190561396785782,1.0,0.0,0.0,0.0,1.0,0.0,0.0,1.0,0.0,1.0,0.0,0.0,0.0,1.0,0
-0.831954265978007,-1.7641489518221134,-0.8864049663689737,1.835496559257908,0.7601335661541012,-0.8190561396785782,0.0,1.0,0.0,1.0,0.0,0.0,0.0,1.0,0.0,1.0,0.0,0.0,0.0,1.0,0
2.1359895066968764,-0.7125665752572653,0.44165699781517664,-0.5448116995677182,-0.5956833688246437,-0.6297058384111525,1.0,0.0,0.0,1.0,0.0,0.0,1.0,0.0,0.0,0.0,1.0,0.0,0.0,1.0,0
-1.8919341847904654,-0.7125665752572653,0.40476638769895024,-0.5448116995677182,0.9150840730088149,2.0211983793328065,0.0,1.0,0.0,1.0,0.0,0.0,0.0,1.0,0.0,1.0,0.0,0.0,1.0,0.0,1
0.546019628478189,-1.2660309839756063,-0.13014745898633254,1.835496559257908,-1.641599290093961,-0.8190561396785782,0.0,1.0,1.0,0.0,0.0,0.0,0.0,1.0,0.0,1.0,0.0,0.0,1.0,0.0,1
0.546019628478189,0.39436224217941673,0.3494304725246107,1.835496559257908,-0.6731586222520005,-0.8190561396785782,0.0,1.0,1.0,0.0,0.0,0.0,1.0,0.0,0.0,0.0,1.0,0.0,1.0,0.0,1
-1.5739402091467278,-0.7125665752572653,-0.7572878309621813,-0.5448116995677182,0.3340196723036385,-0.8190561396785782,0.0,1.0,0.0,1.0,0.0,0.0,0.0,1.0,0.0,1.0,0.0,0.0,0.0,1.0,0
0.8640136041219264,0.28366936043574853,-0.7572878309621813,-0.5448116995677182,-0.5569457421109653,0.31704566792597566,0.0,1.0,0.0,0.0,1.0,0.0,0.0,0.0,1.0,0.0,1.0,0.0,1.0,0.0,1
1.6059995472906474,0.22832291956391443,-0.13014745898633254,-0.5448116995677182,-1.254223022957177,0.695746270460827,0.0,1.0,1.0,0.0,0.0,0.0,0.0,0.0,1.0,0.0,1.0,0.0,1.0,0.0,1
-0.5139602903342695,-0.7125665752572653,0.9581255394423462,-0.5448116995677182,-0.16956947497418104,0.12769536665855005,0.0,1.0,1.0,0.0,0.0,0.0,0.0,1.0,0.0,1.0,0.0,0.0,1.0,0.0,0
0.33402364471569723,0.39436224217941673,0.36787577758272383,-0.5448116995677182,0.3340196723036385,0.12769536665855005,0.0,1.0,0.0,1.0,0.0,0.0,0.0,0.0,1.0,0.0,1.0,0.0,1.0,0.0,1
-1.3619442253842362,-0.3804879300262607,1.1241332849653651,-0.5448116995677182,1.0312969531498501,-0.8190561396785782,1.0,0.0,0.0,1.0,0.0,0.0,0.0,1.0,0.0,1.0,0.0,0.0,0.0,1.0,0
-1.4679422172654821,-0.43583437089809485,-0.13014745898633254,1.835496559257908,1.108772206577207,-0.8190561396785782,0.0,1.0,1.0,0.0,0.0,0.0,0.0,1.0,0.0,1.0,0.0,0.0,1.0,0.0,1
0.33402364471569723,-0.04840928479525609,-0.7019519157878417,-0.5448116995677182,1.2249850867182424,-0.8190561396785782,0.0,1.0,1.0,0.0,0.0,0.0,0.0,1.0,0.0,0.0,1.0,0.0,0.0,1.0,0
0.9700115960031723,0.006937156076578015,-0.13014745898633254,-0.5448116995677182,-0.6344209955383221,0.12769536665855005,0.0,1.0,0.0,0.0,1.0,0.0,1.0,0.0,0.0,0.0,1.0,0.0,1.0,0.0,1
-0.19596631469053194,2.05475546833444,-0.4068270348580305,-0.5448116995677182,-0.4019952352562516,0.6010711198271141,0.0,1.0,1.0,0.0,0.0,0.0,0.0,1.0,0.0,0.0,1.0,0.0,1.0,0.0,1
-0.6199582822155153,1.5012910596160989,1.5483753013019685,-0.5448116995677182,-1.719074543521318,0.6010711198271141,0.0,1.0,1.0,0.0,0.0,0.0,0.0,1.0,0.0,0.0,1.0,0.0,1.0,0.0,1
0.01602966907195973,-1.3767238657192746,1.1794692001397047,-0.5448116995677182,0.7601335661541012,-0.8190561396785782,0.0,1.0,0.0,1.0,0.0,0.0,0.0,1.0,0.0,1.0,0.0,0.0,0.0,1.0,0
-1.3619442253842362,-0.1591021665389243,-0.7572878309621813,-0.5448116995677182,1.379935593572956,0.5063959691934012,1.0,0.0,0.0,1.0,0.0,0.0,1.0,0.0,0.0,1.0,0.0,0.0,0.0,1.0,0
-0.3019643065717778,-0.1591021665389243,-0.3883817297999173,-0.5448116995677182,0.5277078058720306,-0.8190561396785782,0.0,1.0,0.0,1.0,0.0,0.0,0.0,1.0,0.0,1.0,0.0,0.0,0.0,1.0,0
-0.19596631469053194,2.165448350078108,-0.8495143562527473,1.835496559257908,0.9925593264361717,-0.3456803865100141,0.0,1.0,0.0,0.0,1.0,0.0,0.0,1.0,0.0,1.0,0.0,0.0,0.0,1.0,0
0.33402364471569723,0.39436224217941673,0.27564925229215786,1.835496559257908,0.14033153873524637,-0.8190561396785782,0.0,1.0,0.0,1.0,0.0,0.0,0.0,1.0,0.0,1.0,0.0,0.0,0.0,1.0,0
-0.5139602903342695,-0.1591021665389243,-0.7019519157878417,-0.5448116995677182,-0.053356594833145754,-0.8190561396785782,1.0,0.0,0.0,0.0,1.0,0.0,0.0,0.0,1.0,1.0,0.0,0.0,0.0,1.0,0
-0.5139602903342695,-0.8232594570009335,-1.7717796091584073,-0.5448116995677182,-0.4019952352562516,-0.06165493460887556,0.0,1.0,0.0,0.0,1.0,0.0,1.0,0.0,0.0,1.0,0.0,0.0,0.0,1.0,1
0.4400216365969431,-0.1591021665389243,-0.5912800854391626,-0.5448116995677182,0.14033153873524637,-0.8190561396785782,0.0,1.0,0.0,0.0,1.0,0.0,0.0,0.0,1.0,1.0,0.0,0.0,1.0,0.0,1
0.4400216365969431,-0.43583437089809485,1.0134614546166858,-0.5448116995677182,1.3411979668592775,-0.8190561396785782,0.0,1.0,1.0,0.0,0.0,0.0,1.0,0.0,0.0,1.0,0.0,0.0,0.0,1.0,1
-1.0439502497404987,-0.7125665752572653,-1.4028735079961432,-0.5448116995677182,0.2952820455899601,1.8318480780653807,0.0,1.0,1.0,0.0,0.0,0.0,0.0,1.0,0.0,0.0,1.0,1.0,0.0,0.0,1
-0.08996832280928611,-0.1591021665389243,0.3494304725246107,-0.5448116995677182,0.25654441887628165,-0.4403555371437269,1.0,0.0,1.0,0.0,0.0,0.0,1.0,0.0,0.0,1.0,0.0,0.0,1.0,0.0,0
-1.1499482416217446,-0.7125665752572653,-0.8126237461365209,-0.5448116995677182,1.108772206577207,-0.8190561396785782,1.0,0.0,0.0,1.0,0.0,0.0,0.0,1.0,0.0,1.0,0.0,0.0,0.0,1.0,0
-0.5139602903342695,-1.8194953926939474,0.14653211688536547,-0.5448116995677182,1.4574108470003129,-0.8190561396785782,0.0,1.0,0.0,1.0,0.0,0.0,0.0,1.0,0.0,1.0,0.0,0.0,0.0,1.0,0
-2.103930168552957,-0.8232594570009335,-0.6466160006135021,-0.5448116995677182,2.1546881278465246,-0.15633008524258848,1.0,0.0,0.0,1.0,0.0,0.0,0.0,1.0,0.0,1.0,0.0,0.0,0.0,1.0,0
-1.6799382010279738,-1.2660309839756063,-1.015522101775766,-0.5448116995677182,0.5277078058720306,0.12769536665855005,0.0,1.0,1.0,0.0,0.0,0.0,0.0,1.0,0.0,0.0,1.0,0.0,1.0,0.0,1
-1.1499482416217446,-0.04840928479525609,1.769718961999327,1.835496559257908,-0.014618968119467331,2.0211983793328065,1.0,0.0,1.0,0.0,0.0,0.0,1.0,0.0,0.0,0.0,1.0,0.0,1.0,0.0,1
0.546019628478189,0.11763003782024622,-0.20392867921878532,-0.5448116995677182,0.9538216997224933,-0.3456803865100141,0.0,1.0,1.0,0.0,0.0,0.0,0.0,1.0,0.0,1.0,0.0,0.0,1.0,0.0,0
-1.9979321766717113,-0.546527252641763,-1.5504359484610488,-0.5448116995677182,0.6439206860130658,-0.913731290312291,0.0,1.0,0.0,0.0,1.0,0.0,0.0,0.0,1.0,1.0,0.0,0.0,0.0,1.0,0
-1.4679422172654821,1.058519532641426,-0.4068270348580305,-0.5448116995677182,1.728574233996062,-0.8190561396785782,0.0,1.0,1.0,0.0,0.0,0.0,0.0,1.0,0.0,1.0,0.0,0.0,0.0,1.0,1
-1.2559462335029903,-0.7125665752572653,-0.6650613056716154,-0.5448116995677182,1.4186732202866343,-0.8190561396785782,1.0,0.0,0.0,0.0,1.0,0.0,0.0,1.0,0.0,1.0,0.0,0.0,1.0,0.0,0
0.8640136041219264,-0.2697950482825925,-0.6835066107297285,1.835496559257908,0.14033153873524637,-0.8190561396785782,0.0,1.0,0.0,1.0,0.0,0.0,1.0,0.0,0.0,1.0,0.0,0.0,0.0,1.0,0
0.9700115960031723,0.11763003782024622,0.12808681182725226,-0.5448116995677182,1.379935593572956,-0.8190561396785782,1.0,0.0,0.0,0.0,1.0,0.0,1.0,0.0,0.0,1.0,0.0,0.0,0.0,1.0,0
-1.5739402091467278,-1.2660309839756063,0.5154382180476295,-0.5448116995677182,-0.16956947497418104,-0.8190561396785782,0.0,1.0,1.0,0.0,0.0,0.0,0.0,1.0,0.0,1.0,0.0,0.0,0.0,1.0,0
1.076009587884418,0.39436224217941673,1.6590471316506479,-0.5448116995677182,0.837608819581458,-0.8190561396785782,0.0,1.0,0.0,0.0,1.0,0.0,0.0,1.0,0.0,1.0,0.0,0.0,0.0,1.0,1
0.12202766095320557,-0.7125665752572653,-0.13014745898633254,-0.5448116995677182,-1.719074543521318,-0.5350306877774398,0.0,1.0,1.0,0.0,0.0,0.0,0.0,0.0,1.0,1.0,0.0,0.0,0.0,1.0,1
0.6520176203594348,-0.7125665752572653,-0.13014745898633254,1.835496559257908,0.1790691654489248,1.0744468729956784,0.0,1.0,0.0,0.0,1.0,0.0,0.0,1.0,0.0,0.0,1.0,0.0,0.0,1.0,1
1.9239935229343847,-0.7125665752572653,-0.5728347803810493,-0.5448116995677182,-1.3316982763845338,0.12769536665855005,0.0,1.0,0.0,0.0,1.0,0.0,0.0,1.0,0.0,0.0,1.0,0.0,1.0,0.0,1
1.817995531053139,-0.1591021665389243,-0.4437176449742569,-0.5448116995677182,-0.8281091291067143,-0.8190561396785782,0.0,1.0,1.0,0.0,0.0,0.0,0.0,0.0,1.0,0.0,1.0,0.0,1.0,0.0,1
0.22802565283445142,-0.1591021665389243,0.570774133221969,-0.5448116995677182,-0.32451998182889474,0.12769536665855005,0.0,1.0,0.0,0.0,1.0,0.0,0.0,1.0,0.0,0.0,1.0,0.0,0.0,1.0,0
-1.6799382010279738,-2.2622669196686203,-2.36202937101803,-0.5448116995677182,-0.09209422154682419,1.5478226261642425,0.0,1.0,1.0,0.0,0.0,0.0,0.0,1.0,0.0,0.0,1.0,0.0,1.0,0.0,1
0.8640136041219264,0.11763003782024622,-1.9562326597395392,-0.5448116995677182,0.024118658594211095,-0.6297058384111525,0.0,1.0,0.0,0.0,0.0,1.0,0.0,0.0,1.0,1.0,0.0,0.0,0.0,1.0,0
2.029991514815631,1.5012910596160989,-0.13014745898633254,-0.5448116995677182,-0.5956833688246437,-0.8190561396785782,1.0,0.0,0.0,0.0,1.0,0.0,0.0,0.0,1.0,1.0,0.0,0.0,0.0,1.0,1
-1.3619442253842362,-1.2660309839756063,0.09119620171102587,-0.5448116995677182,0.2178067921626032,-0.8190561396785782,1.0,0.0,0.0,1.0,0.0,0.0,0.0,0.0,1.0,1.0,0.0,0.0,0.0,1.0,0
0.6520176203594348,-0.1591021665389243,-1.0893033220082189,1.835496559257908,0.14033153873524637,-0.3456803865100141,0.0,1.0,1.0,0.0,0.0,0.0,0.0,0.0,1.0,0.0,1.0,0.0,1.0,0.0,1
1.817995531053139,1.5012910596160989,1.0503520647329123,-0.5448116995677182,0.9925593264361717,-0.4403555371437269,1.0,0.0,0.0,1.0,0.0,0.0,0.0,1.0,0.0,1.0,0.0,0.0,0.0,1.0,0
0.4400216365969431,0.39436224217941673,2.5813123845563077,1.835496559257908,-0.053356594833145754,-0.5350306877774398,0.0,1.0,1.0,0.0,0.0,0.0,1.0,0.0,0.0,1.0,0.0,0.0,0.0,1.0,0
-0.5139602903342695,-0.2697950482825925,-0.6097253904972757,-0.5448116995677182,-1.5641240366666043,-0.8190561396785782,0.0,1.0,1.0,0.0,0.0,0.0,0.0,1.0,0.0,0.0,1.0,0.0,1.0,0.0,1
0.33402364471569723,-0.1591021665389243,1.1610238950815914,-0.5448116995677182,-1.4866487832392474,0.12769536665855005,1.0,0.0,0.0,0.0,0.0,1.0,0.0,1.0,0.0,1.0,0.0,0.0,1.0,0.0,0
1.182007579765664,0.9478266508977577,-0.3699364247418041,-0.5448116995677182,-0.8668467558203927,0.12769536665855005,1.0,0.0,1.0,0.0,0.0,0.0,1.0,0.0,0.0,1.0,0.0,0.0,1.0,0.0,1
-1.1499482416217446,0.9478266508977577,0.03586028653668626,-0.5448116995677182,1.3411979668592775,0.6010711198271141,0.0,1.0,1.0,0.0,0.0,0.0,0.0,1.0,0.0,1.0,0.0,0.0,0.0,1.0,0
-1.8919341847904654,-1.2660309839756063,-0.13014745898633254,1.835496559257908,-0.44073286196993,0.12769536665855005,0.0,1.0,1.0,0.0,0.0,0.0,0.0,1.0,0.0,0.0,1.0,0.0,1.0,0.0,1
-1.1499482416217446,-0.04840928479525609,0.03586028653668626,1.835496559257908,0.25654441887628165,-0.7243809890448654,0.0,1.0,1.0,0.0,0.0,0.0,1.0,0.0,0.0,0.0,1.0,0.0,1.0,0.0,1
1.2880055716469099,-0.7125665752572653,-0.13014745898633254,-0.5448116995677182,-0.6344209955383221,-1.292431892847142,0.0,1.0,0.0,0.0,1.0,0.0,0.0,0.0,1.0,1.0,0.0,0.0,0.0,1.0,0
0.7580156122406806,3.161684285771122,0.7736724888612142,1.835496559257908,0.5277078058720306,1.0744468729956784,0.0,1.0,1.0,0.0,0.0,0.0,1.0,0.0,0.0,0.0,1.0,1.0,0.0,0.0,1
-0.5139602903342695,-0.1591021665389243,0.44165699781517664,-0.5448116995677182,1.0312969531498501,-0.8190561396785782,1.0,0.0,1.0,0.0,0.0,0.0,0.0,1.0,0.0,1.0,0.0,0.0,0.0,1.0,0
0.12202766095320557,-0.6018736935135971,-0.4068270348580305,1.835496559257908,-1.4091735298118906,-0.8190561396785782,0.0,1.0,1.0,0.0,0.0,0.0,0.0,0.0,1.0,1.0,0.0,0.0,1.0,0.0,1
-0.3019643065717778,-1.8194953926939474,-0.4252723399161437,-0.5448116995677182,0.25654441887628165,0.31704566792597566,0.0,1.0,0.0,0.0,1.0,0.0,0.0,1.0,0.0,0.0,1.0,0.0,1.0,0.0,0
-0.3019643065717778,1.5012910596160989,-0.9417408815433133,-0.5448116995677182,1.3024603401455992,-0.8190561396785782,1.0,0.0,0.0,1.0,0.0,0.0,0.0,1.0,0.0,1.0,0.0,0.0,0.0,1.0,0
-1.5739402091467278,-2.151574037924952,-0.8495143562527473,-0.5448116995677182,1.6510989805687049,-0.8190561396785782,1.0,0.0,0.0,0.0,1.0,0.0,0.0,1.0,0.0,1.0,0.0,0.0,0.0,1.0,0
-0.08996832280928611,-0.7125665752572653,-0.9232955764852001,-0.5448116995677182,0.14033153873524637,-0.8190561396785782,0.0,1.0,0.0,0.0,1.0,0.0,0.0,1.0,0.0,1.0,0.0,0.0,0.0,1.0,0
0.22802565283445142,-0.1591021665389243,-0.4437176449742569,-0.5448116995677182,1.0312969531498501,-0.8190561396785782,0.0,1.0,0.0,1.0,0.0,0.0,1.0,0.0,0.0,1.0,0.0,0.0,0.0,1.0,0
-0.3019643065717778,0.39436224217941673,-0.13014745898633254,-0.5448116995677182,-2.9586785983590276,-0.8190561396785782,0.0,1.0,1.0,0.0,0.0,0.0,0.0,1.0,0.0,1.0,0.0,0.0,1.0,0.0,1
1.182007579765664,0.9478266508977577,-0.18548337416067212,-0.5448116995677182,-0.6344209955383221,0.6010711198271141,0.0,1.0,1.0,0.0,0.0,0.0,0.0,1.0,0.0,0.0,1.0,0.0,1.0,0.0,1
0.9700115960031723,-1.2660309839756063,0.12808681182725226,-0.5448116995677182,0.14033153873524637,1.0744468729956784,0.0,1.0,1.0,0.0,0.0,0.0,0.0,0.0,1.0,0.0,1.0,0.0,1.0,0.0,1
0.01602966907195973,-0.7125665752572653,0.017414981478573066,-0.5448116995677182,-1.0217972626751064,-0.8190561396785782,0.0,1.0,0.0,1.0,0.0,0.0,0.0,1.0,0.0,1.0,0.0,0.0,0.0,1.0,0
-0.19596631469053194,0.39436224217941673,0.38632108264083703,-0.5448116995677182,-0.09209422154682419,1.0744468729956784,0.0,1.0,1.0,0.0,0.0,0.0,0.0,1.0,0.0,0.0,1.0,0.0,1.0,0.0,1
-0.6199582822155153,0.39436224217941673,-0.13014745898633254,-0.5448116995677182,-0.7118962489656789,-0.8190561396785782,0.0,1.0,0.0,1.0,0.0,0.0,0.0,1.0,0.0,1.0,0.0,0.0,0.0,1.0,0
0.01602966907195973,0.39436224217941673,-1.458209423170483,-0.5448116995677182,-0.7118962489656789,-0.8190561396785782,0.0,1.0,1.0,0.0,0.0,0.0,0.0,1.0,0.0,0.0,1.0,0.0,1.0,0.0,1
0.4400216365969431,-0.3804879300262607,-0.13014745898633254,1.835496559257908,-1.0217972626751064,1.0744468729956784,0.0,1.0,0.0,1.0,0.0,0.0,0.0,1.0,0.0,0.0,1.0,0.0,1.0,0.0,1
0.8640136041219264,0.11763003782024622,0.9581255394423462,-0.5448116995677182,-0.24704472840153788,0.12769536665855005,0.0,1.0,1.0,0.0,0.0,0.0,0.0,1.0,0.0,0.0,1.0,0.0,1.0,0.0,1
-1.0439502497404987,-0.1591021665389243,0.8290084040355539,-0.5448116995677182,-1.4091735298118906,1.0744468729956784,0.0,1.0,1.0,0.0,0.0,0.0,0.0,1.0,0.0,0.0,1.0,0.0,1.0,0.0,1
0.12202766095320557,-0.04840928479525609,1.9910626226966854,-0.5448116995677182,-0.16956947497418104,0.31704566792597566,0.0,1.0,1.0,0.0,0.0,0.0,0.0,1.0,0.0,0.0,1.0,0.0,1.0,0.0,1
-0.4079622984530236,-0.7125665752572653,-0.4806082550904833,-0.5448116995677182,0.837608819581458,0.695746270460827,1.0,0.0,0.0,0.0,1.0,0.0,0.0,1.0,0.0,1.0,0.0,0.0,1.0,0.0,0
2.453983482340614,-0.49118081176992895,-1.365982897879917,-0.5448116995677182,-1.0217972626751064,1.0744468729956784,0.0,1.0,1.0,0.0,0.0,0.0,0.0,0.0,1.0,0.0,1.0,0.0,0.0,1.0,1
0.33402364471569723,-0.1591021665389243,-2.103795100204445,-0.5448116995677182,-0.8281091291067143,0.31704566792597566,0.0,1.0,1.0,0.0,0.0,0.0,0.0,1.0,0.0,0.0,1.0,0.0,1.0,0.0,1
-0.831954265978007,0.28366936043574853,-0.03792093369576653,-0.5448116995677182,0.6051830592993874,-0.8190561396785782,1.0,0.0,1.0,0.0,0.0,0.0,1.0,0.0,0.0,0.0,1.0,0.0,1.0,0.0,0
-2.209928160434203,-0.7125665752572653,0.9765708445004594,-0.5448116995677182,1.8835247408507756,-0.8190561396785782,0.0,1.0,0.0,0.0,1.0,0.0,0.0,1.0,0.0,1.0,0.0,0.0,0.0,1.0,0
-1.0439502497404987,-0.1591021665389243,-0.6650613056716154,-0.5448116995677182,-0.36325760854257316,-0.8190561396785782,0.0,1.0,1.0,0.0,0.0,0.0,0.0,0.0,1.0,1.0,0.0,0.0,0.0,1.0,0
-2.4219241441966948,-0.7125665752572653,0.46010230287328985,-0.5448116995677182,0.6439206860130658,0.6010711198271141,0.0,1.0,1.0,0.0,0.0,0.0,0.0,1.0,0.0,0.0,1.0,0.0,1.0,0.0,1
-0.08996832280928611,-0.49118081176992895,-0.03792093369576653,-0.5448116995677182,-0.5569457421109653,1.0744468729956784,0.0,1.0,1.0,0.0,0.0,0.0,0.0,1.0,0.0,0.0,1.0,0.0,1.0,0.0,1
0.22802565283445142,-0.2697950482825925,-0.4068270348580305,-0.5448116995677182,-0.6731586222520005,1.0744468729956784,0.0,1.0,1.0,0.0,0.0,0.0,0.0,0.0,1.0,0.0,1.0,1.0,0.0,0.0,1
1.5000015554094015,0.9478266508977577,-0.9232955764852001,1.835496559257908,-0.16956947497418104,-0.8190561396785782,0.0,1.0,0.0,0.0,1.0,0.0,0.0,1.0,0.0,1.0,0.0,0.0,1.0,0.0,1
0.4400216365969431,-0.7125665752572653,1.7512736569412137,-0.5448116995677182,1.379935593572956,-0.8190561396785782,1.0,0.0,0.0,0.0,1.0,0.0,0.0,1.0,0.0,1.0,0.0,0.0,0.0,1.0,0
-1.4679422172654821,-0.7125665752572653,4.075382094263477,1.835496559257908,0.6051830592993874,0.12769536665855005,0.0,1.0,1.0,0.0,0.0,0.0,0.0,1.0,0.0,0.0,1.0,0.0,1.0,0.0,1
-1.4679422172654821,-2.096227597053118,-0.13014745898633254,1.835496559257908,0.2952820455899601,-0.8190561396785782,0.0,1.0,1.0,0.0,0.0,0.0,0.0,0.0,1.0,1.0,0.0,0.0,0.0,1.0,1
0.22802565283445142,-0.1591021665389243,0.20186803205970505,1.835496559257908,0.2178067921626032,-0.2510052358763013,0.0,1.0,0.0,0.0,1.0,0.0,1.0,0.0,0.0,0.0,1.0,0.0,1.0,0.0,1
-1.1499482416217446,-0.9892987796164359,-0.13014745898633254,-0.5448116995677182,0.3340196723036385,1.0744468729956784,0.0,1.0,1.0,0.0,0.0,0.0,0.0,1.0,0.0,0.0,1.0,0.0,1.0,0.0,1
0.9700115960031723,1.5012910596160989,0.40476638769895024,1.835496559257908,-1.8740250503760318,1.0744468729956784,0.0,1.0,1.0,0.0,0.0,0.0,0.0,0.0,1.0,0.0,1.0,0.0,1.0,0.0,1
0.4400216365969431,-0.04840928479525609,3.9278196537985712,1.835496559257908,-2.6100399579359217,0.12769536665855005,0.0,1.0,1.0,0.0,0.0,0.0,0.0,1.0,0.0,1.0,0.0,1.0,0.0,0.0,0
-2.315926152315449,-0.43583437089809485,0.16497742194347867,-0.5448116995677182,0.7213959394404228,-0.8190561396785782,0.0,1.0,0.0,1.0,0.0,0.0,0.0,1.0,0.0,1.0,0.0,0.0,0.0,1.0,0
0.7580156122406806,-0.7125665752572653,1.6959377417668742,-0.5448116995677182,-1.4866487832392474,-0.8190561396785782,0.0,1.0,0.0,0.0,1.0,0.0,0.0,1.0,0.0,0.0,1.0,0.0,1.0,0.0,1
1.7119975391718931,0.39436224217941673,-0.13014745898633254,1.835496559257908,0.7988711928677796,1.0744468729956784,0.0,1.0,1.0,0.0,0.0,0.0,0.0,1.0,0.0,0.0,1.0,0.0,1.0,0.0,1
-0.831954265978007,0.39436224217941673,0.5523288281638559,-0.5448116995677182,1.108772206577207,-0.8190561396785782,0.0,1.0,0.0,1.0,0.0,0.0,0.0,1.0,0.0,0.0,1.0,0.0,0.0,1.0,0
0.12202766095320557,-0.1591021665389243,0.3125398624083843,-0.5448116995677182,0.7213959394404228,-0.8190561396785782,0.0,1.0,0.0,1.0,0.0,0.0,0.0,1.0,0.0,1.0,0.0,0.0,0.0,1.0,0
1.6059995472906474,0.39436224217941673,-0.6835066107297285,-0.5448116995677182,0.14033153873524637,1.0744468729956784,0.0,1.0,1.0,0.0,0.0,0.0,0.0,0.0,1.0,0.0,1.0,0.0,1.0,0.0,1
0.9700115960031723,2.05475546833444,-1.2553110675312378,-0.5448116995677182,-2.0289755572307455,1.5478226261642425,0.0,1.0,1.0,0.0,0.0,0.0,0.0,1.0,0.0,0.0,1.0,1.0,0.0,0.0,1
-0.08996832280928611,0.39436224217941673,-0.5359441702648229,-0.5448116995677182,0.2178067921626032,1.0744468729956784,1.0,0.0,0.0,1.0,0.0,0.0,0.0,1.0,0.0,0.0,1.0,0.0,1.0,0.0,0
0.33402364471569723,0.9478266508977577,0.570774133221969,-0.5448116995677182,-0.9443220092477496,-0.2510052358763013,0.0,1.0,1.0,0.0,0.0,0.0,1.0,0.0,0.0,0.0,1.0,0.0,1.0,0.0,1
0.12202766095320557,0.11763003782024622,-0.7572878309621813,1.835496559257908,-0.4019952352562516,0.22237051729226295,0.0,1.0,1.0,0.0,0.0,0.0,0.0,0.0,1.0,0.0,1.0,0.0,1.0,0.0,1
2.1359895066968764,0.6710944465385873,-0.13014745898633254,1.835496559257908,-0.5182081153972868,0.41172081855968856,0.0,1.0,0.0,1.0,0.0,0.0,0.0,0.0,1.0,1.0,0.0,0.0,0.0,1.0,1
-2.315926152315449,-2.096227597053118,-0.13014745898633254,1.835496559257908,-0.36325760854257316,-0.15633008524258848,0.0,1.0,0.0,0.0,0.0,1.0,0.0,1.0,0.0,1.0,0.0,0.0,0.0,1.0,1
0.4400216365969431,2.05475546833444,-0.13014745898633254,1.835496559257908,-1.2154853962434986,-0.8190561396785782,0.0,1.0,1.0,0.0,0.0,0.0,0.0,0.0,1.0,0.0,1.0,0.0,1.0,0.0,1
-0.19596631469053194,-0.2697950482825925,0.18342272700159187,-0.5448116995677182,0.9538216997224933,-0.8190561396785782,0.0,1.0,1.0,0.0,0.0,0.0,0.0,1.0,0.0,0.0,1.0,0.0,0.0,1.0,1
-1.4679422172654821,-0.1591021665389243,0.5523288281638559,-0.5448116995677182,0.5277078058720306,-0.8190561396785782,0.0,1.0,0.0,1.0,0.0,0.0,0.0,1.0,0.0,1.0,0.0,0.0,0.0,1.0,0
-0.3019643065717778,0.39436224217941673,1.1610238950815914,-0.5448116995677182,0.2178067921626032,0.6010711198271141,1.0,0.0,0.0,0.0,1.0,0.0,1.0,0.0,0.0,1.0,0.0,0.0,0.0,1.0,0
0.01602966907195973,-0.49118081176992895,0.38632108264083703,-0.5448116995677182,-1.0605348893887847,1.2637971742631042,0.0,1.0,1.0,0.0,0.0,0.0,1.0,0.0,0.0,0.0,1.0,0.0,1.0,0.0,1
-0.19596631469053194,-0.1591021665389243,0.9765708445004594,-0.5448116995677182,-1.0217972626751064,0.12769536665855005,0.0,1.0,1.0,0.0,0.0,0.0,0.0,1.0,0.0,0.0,1.0,0.0,1.0,0.0,1
0.546019628478189,0.39436224217941673,-0.13014745898633254,-0.5448116995677182,-0.7506338756793575,0.12769536665855005,0.0,1.0,1.0,0.0,0.0,0.0,0.0,0.0,1.0,0.0,1.0,0.0,1.0,0.0,1
-1.1499482416217446,0.5050551239230849,-0.7019519157878417,-0.5448116995677182,0.06285628530788952,-0.8190561396785782,0.0,1.0,0.0,1.0,0.0,0.0,0.0,1.0,0.0,1.0,0.0,0.0,0.0,1.0,0
0.546019628478189,0.9478266508977577,-0.6097253904972757,1.835496559257908,0.7988711928677796,0.695746270460827,0.0,1.0,0.0,0.0,1.0,0.0,0.0,1.0,0.0,1.0,0.0,0.0,0.0,1.0,0
1.5000015554094015,-0.8232594570009335,0.5892194382800823,-0.5448116995677182,0.566445432585709,0.12769536665855005,0.0,1.0,0.0,0.0,1.0,0.0,0.0,1.0,0.0,1.0,0.0,0.0,0.0,1.0,0
0.33402364471569723,-1.2660309839756063,-0.13014745898633254,1.835496559257908,-0.20830710168785946,0.5063959691934012,0.0,1.0,1.0,0.0,0.0,0.0,0.0,0.0,1.0,0.0,1.0,0.0,0.0,1.0,1
2.347985490459368,-1.598109629206611,-2.4358105912504824,-0.5448116995677182,-0.6344209955383221,2.494574132501371,0.0,1.0,0.0,0.0,1.0,0.0,1.0,0.0,0.0,1.0,0.0,1.0,0.0,0.0,1
0.33402364471569723,-0.2697950482825925,-0.13014745898633254,1.835496559257908,0.45023255244467375,0.12769536665855005,0.0,1.0,1.0,0.0,0.0,0.0,0.0,0.0,1.0,0.0,1.0,0.0,1.0,0.0,1
-0.4079622984530236,-0.7125665752572653,1.5299299962438555,-0.5448116995677182,-1.0217972626751064,0.12769536665855005,1.0,0.0,1.0,0.0,0.0,0.0,0.0,1.0,0.0,0.0,1.0,0.0,1.0,0.0,0
1.182007579765664,0.9478266508977577,-0.16703806910255892,1.835496559257908,-1.2154853962434986,-0.8190561396785782,0.0,1.0,1.0,0.0,0.0,0.0,0.0,0.0,1.0,0.0,1.0,0.0,1.0,0.0,1
0.8640136041219264,-0.1591021665389243,-0.25926459439312494,-0.5448116995677182,0.3727572990173169,0.8850965717282526,0.0,1.0,0.0,0.0,1.0,0.0,0.0,1.0,0.0,1.0,0.0,0.0,1.0,0.0,0
-0.6199582822155153,-0.1591021665389243,-0.001030323579540133,-0.5448116995677182,0.9150840730088149,-0.8190561396785782,0.0,1.0,0.0,1.0,0.0,0.0,0.0,1.0,0.0,1.0,0.0,0.0,0.0,1.0,0
-1.7859361929092195,-0.7125665752572653,-0.4068270348580305,-0.5448116995677182,1.2249850867182424,-0.8190561396785782,0.0,1.0,1.0,0.0,0.0,0.0,0.0,1.0,0.0,1.0,0.0,0.0,0.0,1.0,0
0.8640136041219264,1.5012910596160989,-0.9601861866014265,-0.5448116995677182,-0.7893715023930359,-0.8190561396785782,1.0,0.0,0.0,0.0,0.0,1.0,0.0,1.0,0.0,1.0,0.0,0.0,0.0,1.0,0
0.9700115960031723,0.9478266508977577,2.987109095834798,-0.5448116995677182,0.6826583127267444,2.9679498856699347,1.0,0.0,1.0,0.0,0.0,0.0,1.0,0.0,0.0,1.0,0.0,0.0,1.0,0.0,1
-0.6199582822155153,-1.7088025109502791,-0.13014745898633254,1.835496559257908,-1.0217972626751064,0.12769536665855005,0.0,1.0,0.0,0.0,1.0,0.0,0.0,0.0,1.0,0.0,1.0,1.0,0.0,0.0,1
0.7580156122406806,0.8371337691540895,-0.7757331360202945,-0.5448116995677182,0.9538216997224933,-0.8190561396785782,0.0,1.0,1.0,0.0,0.0,0.0,0.0,1.0,0.0,1.0,0.0,0.0,0.0,1.0,1
-0.5139602903342695,-0.1591021665389243,-0.7203972208459549,-0.5448116995677182,1.3024603401455992,-0.8190561396785782,0.0,1.0,1.0,0.0,0.0,0.0,0.0,1.0,0.0,1.0,0.0,0.0,1.0,0.0,1
0.01602966907195973,-1.2660309839756063,-0.6835066107297285,-0.5448116995677182,0.2178067921626032,-0.8190561396785782,0.0,1.0,0.0,1.0,0.0,0.0,0.0,1.0,0.0,1.0,0.0,0.0,0.0,1.0,0
0.6520176203594348,1.5012910596160989,-0.13014745898633254,-0.5448116995677182,-1.4479111565255691,-0.3456803865100141,0.0,1.0,1.0,0.0,0.0,0.0,0.0,0.0,1.0,0.0,1.0,0.0,1.0,0.0,1
-1.4679422172654821,-0.1591021665389243,0.6630006585125351,-0.5448116995677182,1.1862474600045638,-0.8190561396785782,0.0,1.0,0.0,0.0,1.0,0.0,0.0,1.0,0.0,1.0,0.0,0.0,0.0,1.0,0
1.3940035635281556,1.058519532641426,-0.6097253904972757,-0.5448116995677182,0.5277078058720306,-0.06165493460887556,0.0,1.0,0.0,0.0,1.0,0.0,1.0,0.0,0.0,1.0,0.0,0.0,1.0,0.0,1
0.6520176203594348,-0.7125665752572653,0.017414981478573066,-0.5448116995677182,-0.053356594833145754,-0.8190561396785782,0.0,1.0,0.0,0.0,1.0,0.0,1.0,0.0,0.0,1.0,0.0,0.0,0.0,1.0,0
-0.19596631469053194,-0.7125665752572653,1.4745940810695157,-0.5448116995677182,1.379935593572956,-0.6297058384111525,0.0,1.0,0.0,1.0,0.0,0.0,0.0,1.0,0.0,1.0,0.0,0.0,0.0,1.0,0
-1.2559462335029903,-0.7125665752572653,-0.8679596613108606,-0.5448116995677182,0.7213959394404228,-0.8190561396785782,0.0,1.0,0.0,1.0,0.0,0.0,0.0,1.0,0.0,1.0,0.0,0.0,0.0,1.0,0
-0.3019643065717778,0.39436224217941673,0.9765708445004594,-0.5448116995677182,-0.5569457421109653,3.1573001869373605,0.0,1.0,1.0,0.0,0.0,0.0,0.0,1.0,0.0,0.0,1.0,0.0,1.0,0.0,1
0.546019628478189,-0.1591021665389243,-2.196021625495011,-0.5448116995677182,-0.44073286196993,-0.8190561396785782,0.0,1.0,1.0,0.0,0.0,0.0,0.0,1.0,0.0,1.0,0.0,0.0,1.0,0.0,1
0.546019628478189,-0.43583437089809485,-0.13014745898633254,1.835496559257908,1.4961484737139912,1.6424977767979554,0.0,1.0,0.0,0.0,1.0,0.0,0.0,1.0,0.0,1.0,0.0,0.0,1.0,0.0,1
0.4400216365969431,1.5012910596160989,-0.628170695555389,1.835496559257908,-1.719074543521318,-0.8190561396785782,0.0,1.0,0.0,0.0,1.0,0.0,0.0,0.0,1.0,1.0,0.0,0.0,1.0,0.0,1
0.12202766095320557,0.39436224217941673,-0.13014745898633254,-0.5448116995677182,-2.067713183944424,-0.8190561396785782,0.0,1.0,1.0,0.0,0.0,0.0,0.0,1.0,0.0,1.0,0.0,0.0,1.0,0.0,1
0.33402364471569723,0.9478266508977577,0.18342272700159187,-0.5448116995677182,-1.719074543521318,2.0211983793328065,0.0,1.0,1.0,0.0,0.0,0.0,0.0,1.0,0.0,0.0,1.0,0.0,1.0,0.0,1
0.9700115960031723,-0.04840928479525609,-0.13014745898633254,-0.5448116995677182,-0.24704472840153788,-0.7243809890448654,1.0,0.0,0.0,1.0,0.0,0.0,0.0,1.0,0.0,1.0,0.0,0.0,0.0,1.0,0
1.6059995472906474,-0.6018736935135971,-0.5359441702648229,1.835496559257908,-2.0289755572307455,-0.8190561396785782,0.0,1.0,1.0,0.0,0.0,0.0,1.0,0.0,0.0,0.0,1.0,0.0,1.0,0.0,1
-0.831954265978007,-0.1591021665389243,-0.4252723399161437,-0.5448116995677182,-0.9443220092477496,-0.8190561396785782,0.0,1.0,1.0,0.0,0.0,0.0,0.0,1.0,0.0,1.0,0.0,0.0,1.0,0.0,1
1.182007579765664,-0.9892987796164359,-0.13014745898633254,-0.5448116995677182,-1.6803369168076396,-0.8190561396785782,0.0,1.0,1.0,0.0,0.0,0.0,0.0,1.0,0.0,0.0,1.0,0.0,1.0,0.0,1
0.6520176203594348,-0.8786058978727677,-0.27770989945123814,1.835496559257908,0.9150840730088149,0.5063959691934012,0.0,1.0,1.0,0.0,0.0,0.0,0.0,1.0,0.0,0.0,1.0,0.0,0.0,1.0,1
0.4400216365969431,-1.04464522048827,1.3454769456627234,-0.5448116995677182,0.14033153873524637,3.3466504882047863,0.0,1.0,1.0,0.0,0.0,0.0,0.0,0.0,1.0,1.0,0.0,1.0,0.0,0.0,1
1.3940035635281556,1.5012910596160989,0.755227183803101,-0.5448116995677182,-1.0992725161024632,0.6010711198271141,0.0,1.0,1.0,0.0,0.0,0.0,1.0,0.0,0.0,0.0,1.0,0.0,1.0,0.0,1
-2.315926152315449,-1.2660309839756063,-0.3699364247418041,-0.5448116995677182,1.844787114137097,-0.8190561396785782,0.0,1.0,0.0,1.0,0.0,0.0,0.0,1.0,0.0,1.0,0.0,0.0,0.0,1.0,0
-0.831954265978007,0.062283596948412116,1.1979145051978177,-0.5448116995677182,-0.4019952352562516,-0.8190561396785782,0.0,1.0,1.0,0.0,0.0,0.0,0.0,1.0,0.0,1.0,0.0,0.0,1.0,0.0,1
0.01602966907195973,1.5012910596160989,1.1056879799072519,-0.5448116995677182,1.4961484737139912,-0.8190561396785782,0.0,1.0,0.0,1.0,0.0,0.0,0.0,1.0,0.0,1.0,0.0,0.0,0.0,1.0,0
-0.4079622984530236,-0.9892987796164359,-0.13014745898633254,-0.5448116995677182,-0.6344209955383221,-0.3456803865100141,0.0,1.0,1.0,0.0,0.0,0.0,0.0,1.0,0.0,0.0,1.0,0.0,1.0,0.0,1
-0.19596631469053194,0.28366936043574853,-0.4068270348580305,-0.5448116995677182,1.2637227134319207,-0.8190561396785782,0.0,1.0,0.0,0.0,1.0,0.0,0.0,1.0,0.0,1.0,0.0,0.0,0.0,1.0,0
0.6520176203594348,1.058519532641426,-0.13014745898633254,-0.5448116995677182,-0.7118962489656789,-0.8190561396785782,0.0,1.0,1.0,0.0,0.0,0.0,0.0,0.0,1.0,0.0,1.0,0.0,0.0,1.0,0
1.076009587884418,-0.1591021665389243,-0.4068270348580305,-0.5448116995677182,-0.32451998182889474,-0.3456803865100141,0.0,1.0,1.0,0.0,0.0,0.0,0.0,0.0,1.0,1.0,0.0,0.0,1.0,0.0,0
0.12202766095320557,0.9478266508977577,-1.568881253519162,-0.5448116995677182,0.5277078058720306,-0.8190561396785782,0.0,1.0,1.0,0.0,0.0,0.0,0.0,0.0,1.0,1.0,0.0,0.0,0.0,1.0,0
0.33402364471569723,-0.2697950482825925,1.0687973697910254,-0.5448116995677182,0.8763464462951365,-0.8190561396785782,1.0,0.0,1.0,0.0,0.0,0.0,1.0,0.0,0.0,1.0,0.0,0.0,0.0,1.0,0
0.7580156122406806,-1.2660309839756063,-0.13014745898633254,1.835496559257908,-1.0992725161024632,1.0744468729956784,0.0,1.0,1.0,0.0,0.0,0.0,0.0,1.0,0.0,0.0,1.0,1.0,0.0,0.0,1
0.4400216365969431,-0.1591021665389243,0.10964150676913906,-0.5448116995677182,-1.0217972626751064,-0.8190561396785782,0.0,1.0,0.0,1.0,0.0,0.0,0.0,1.0,0.0,1.0,0.0,0.0,0.0,1.0,0
-0.4079622984530236,-0.1591021665389243,-0.22237398427689853,-0.5448116995677182,-0.5956833688246437,1.0744468729956784,0.0,1.0,1.0,0.0,0.0,0.0,0.0,1.0,0.0,0.0,1.0,0.0,1.0,0.0,1
0.4400216365969431,-0.2697950482825925,0.25720394723404466,-0.5448116995677182,-0.24704472840153788,2.0211983793328065,0.0,1.0,1.0,0.0,0.0,0.0,1.0,0.0,0.0,0.0,1.0,0.0,1.0,0.0,1
0.8640136041219264,1.5012910596160989,-0.13014745898633254,-0.5448116995677182,-2.4938270777948865,-0.8190561396785782,0.0,1.0,0.0,0.0,1.0,0.0,0.0,1.0,0.0,0.0,1.0,0.0,1.0,0.0,1
-1.6799382010279738,-0.7125665752572653,-0.25926459439312494,-0.5448116995677182,1.7673118607097402,2.778599584402509,0.0,1.0,0.0,0.0,0.0,1.0,0.0,1.0,0.0,0.0,1.0,0.0,1.0,0.0,1
-0.3019643065717778,-0.1037557256670902,-1.7164436939840677,1.835496559257908,-0.24704472840153788,0.12769536665855005,0.0,1.0,1.0,0.0,0.0,0.0,1.0,0.0,0.0,0.0,1.0,0.0,1.0,0.0,1
0.01602966907195973,-0.7125665752572653,-0.14859276404444574,-0.5448116995677182,0.5277078058720306,0.6010711198271141,0.0,1.0,0.0,0.0,1.0,0.0,0.0,1.0,0.0,0.0,1.0,0.0,1.0,0.0,1
-1.0439502497404987,0.9478266508977577,3.079335621125364,-0.5448116995677182,1.3024603401455992,-0.8190561396785782,0.0,1.0,1.0,0.0,0.0,0.0,0.0,1.0,0.0,1.0,0.0,0.0,0.0,1.0,0
-0.3019643065717778,-1.2660309839756063,-1.015522101775766,-0.5448116995677182,-0.6344209955383221,-0.8190561396785782,1.0,0.0,0.0,0.0,1.0,0.0,0.0,1.0,0.0,1.0,0.0,0.0,0.0,1.0,0
1.5000015554094015,-0.7125665752572653,-0.628170695555389,-0.5448116995677182,-0.8281091291067143,0.6010711198271141,1.0,0.0,0.0,0.0,1.0,0.0,1.0,0.0,0.0,1.0,0.0,0.0,1.0,0.0,0
0.33402364471569723,-0.49118081176992895,0.29409455735027107,-0.5448116995677182,0.1790691654489248,-0.5350306877774398,0.0,1.0,0.0,1.0,0.0,0.0,0.0,1.0,0.0,1.0,0.0,0.0,0.0,1.0,1
-0.9379522578592528,-1.2660309839756063,0.3494304725246107,-0.5448116995677182,-0.16956947497418104,0.31704566792597566,0.0,1.0,0.0,0.0,0.0,1.0,0.0,1.0,0.0,1.0,0.0,0.0,1.0,0.0,1
-0.3019643065717778,-0.43583437089809485,-0.5912800854391626,-0.5448116995677182,-0.44073286196993,0.5063959691934012,0.0,1.0,0.0,0.0,0.0,1.0,1.0,0.0,0.0,0.0,1.0,0.0,0.0,1.0,0
1.076009587884418,-0.7125665752572653,0.017414981478573066,-0.5448116995677182,-1.5641240366666043,1.2637971742631042,0.0,1.0,1.0,0.0,0.0,0.0,1.0,0.0,0.0,0.0,1.0,1.0,0.0,0.0,1
-1.6799382010279738,-1.2660309839756063,-0.9048502714270868,-0.5448116995677182,1.1475098332908855,-0.8190561396785782,0.0,1.0,1.0,0.0,0.0,0.0,0.0,1.0,0.0,1.0,0.0,0.0,1.0,0.0,1
-0.08996832280928611,-0.7125665752572653,-0.13014745898633254,1.835496559257908,-0.6344209955383221,-0.8190561396785782,0.0,1.0,1.0,0.0,0.0,0.0,0.0,1.0,0.0,1.0,0.0,0.0,1.0,0.0,1
0.01602966907195973,-0.7125665752572653,-0.5174988652067097,-0.5448116995677182,0.024118658594211095,-0.8190561396785782,0.0,1.0,0.0,0.0,1.0,0.0,0.0,1.0,0.0,1.0,0.0,0.0,0.0,1.0,0
-1.0439502497404987,0.11763003782024622,4.536514720716307,-0.5448116995677182,-0.053356594833145754,-0.8190561396785782,0.0,1.0,1.0,0.0,0.0,0.0,0.0,1.0,0.0,1.0,0.0,0.0,1.0,0.0,1
0.546019628478189,1.5012910596160989,0.5154382180476295,-0.5448116995677182,-0.44073286196993,-0.8190561396785782,0.0,1.0,0.0,0.0,0.0,1.0,1.0,0.0,0.0,1.0,0.0,0.0,0.0,1.0,1
0.7580156122406806,-0.1591021665389243,-0.13014745898633254,1.835496559257908,-2.3001389442264943,1.5478226261642425,0.0,1.0,1.0,0.0,0.0,0.0,0.0,1.0,0.0,1.0,0.0,0.0,1.0,0.0,1
1.182007579765664,-0.7125665752572653,-1.2553110675312378,-0.5448116995677182,0.14033153873524637,-0.4403555371437269,0.0,1.0,1.0,0.0,0.0,0.0,0.0,1.0,0.0,1.0,0.0,0.0,0.0,1.0,0
1.2880055716469099,2.4975269953091126,-0.31460050956746455,1.835496559257908,1.108772206577207,0.12769536665855005,1.0,0.0,1.0,0.0,0.0,0.0,0.0,1.0,0.0,0.0,1.0,0.0,1.0,0.0,1
0.33402364471569723,0.39436224217941673,-0.5728347803810493,-0.5448116995677182,0.2952820455899601,1.0744468729956784,0.0,1.0,1.0,0.0,0.0,0.0,0.0,0.0,1.0,0.0,1.0,0.0,1.0,0.0,1
-0.19596631469053194,-0.1591021665389243,-0.13014745898633254,1.835496559257908,-0.6344209955383221,-0.8190561396785782,0.0,1.0,1.0,0.0,0.0,0.0,0.0,1.0,0.0,1.0,0.0,0.0,1.0,0.0,1
-0.9379522578592528,-0.7125665752572653,-0.3699364247418041,-0.5448116995677182,0.14033153873524637,-0.8190561396785782,0.0,1.0,1.0,0.0,0.0,0.0,0.0,1.0,0.0,1.0,0.0,0.0,0.0,1.0,0
0.12202766095320557,0.6710944465385873,1.493039386127629,-0.5448116995677182,0.7213959394404228,-0.8190561396785782,0.0,1.0,0.0,1.0,0.0,0.0,0.0,1.0,0.0,1.0,0.0,0.0,0.0,1.0,0
0.7580156122406806,-0.1591021665389243,-0.13014745898633254,-0.5448116995677182,-0.8281091291067143,-0.8190561396785782,0.0,1.0,1.0,0.0,0.0,0.0,1.0,0.0,0.0,1.0,0.0,0.0,1.0,0.0,1
0.01602966907195973,-1.2660309839756063,-0.11170215392821933,-0.5448116995677182,-0.4019952352562516,1.8318480780653807,0.0,1.0,1.0,0.0,0.0,0.0,0.0,1.0,0.0,0.0,1.0,0.0,1.0,0.0,1
-0.4079622984530236,0.6157480056667531,1.9172814024642326,-0.5448116995677182,-0.6344209955383221,0.12769536665855005,0.0,1.0,1.0,0.0,0.0,0.0,1.0,0.0,0.0,0.0,1.0,0.0,0.0,1.0,1
0.01602966907195973,-0.7125665752572653,0.23875864217593146,-0.5448116995677182,0.41149492573099533,-0.4403555371437269,0.0,1.0,0.0,0.0,1.0,0.0,1.0,0.0,0.0,1.0,0.0,0.0,1.0,0.0,0
0.22802565283445142,-0.3804879300262607,-1.458209423170483,-0.5448116995677182,0.14033153873524637,-0.8190561396785782,0.0,1.0,0.0,1.0,0.0,0.0,0.0,0.0,1.0,1.0,0.0,0.0,0.0,1.0,0
-1.6799382010279738,-0.9892987796164359,-0.13014745898633254,-0.5448116995677182,-0.32451998182889474,-0.8190561396785782,0.0,1.0,0.0,0.0,1.0,0.0,0.0,1.0,0.0,0.0,1.0,0.0,1.0,0.0,1
0.4400216365969431,0.39436224217941673,-0.628170695555389,1.835496559257908,1.108772206577207,-0.8190561396785782,0.0,1.0,0.0,0.0,1.0,0.0,1.0,0.0,0.0,1.0,0.0,0.0,0.0,1.0,0
-0.08996832280928611,2.608219877052781,0.7367818787449878,-0.5448116995677182,-0.6344209955383221,0.6010711198271141,0.0,1.0,1.0,0.0,0.0,0.0,0.0,0.0,1.0,0.0,1.0,0.0,1.0,0.0,1
-1.0439502497404987,-0.1591021665389243,-0.4806082550904833,-0.5448116995677182,1.9997376209918107,-0.8190561396785782,0.0,1.0,0.0,1.0,0.0,0.0,1.0,0.0,0.0,1.0,0.0,0.0,0.0,1.0,0
0.8640136041219264,-1.1553381022319382,0.23875864217593146,-0.5448116995677182,0.5277078058720306,0.41172081855968856,0.0,1.0,0.0,0.0,0.0,1.0,0.0,0.0,1.0,0.0,1.0,0.0,1.0,0.0,1
0.9700115960031723,-2.0408811561812836,1.1056879799072519,-0.5448116995677182,-0.5956833688246437,0.12769536665855005,0.0,1.0,1.0,0.0,0.0,0.0,0.0,0.0,1.0,0.0,1.0,0.0,0.0,1.0,1
0.12202766095320557,-0.1591021665389243,2.7473201300793266,-0.5448116995677182,0.5277078058720306,-0.8190561396785782,1.0,0.0,0.0,1.0,0.0,0.0,1.0,0.0,0.0,1.0,0.0,0.0,0.0,1.0,0
1.076009587884418,2.608219877052781,1.4745940810695157,-0.5448116995677182,0.6826583127267444,-0.8190561396785782,1.0,0.0,1.0,0.0,0.0,0.0,0.0,1.0,0.0,0.0,1.0,0.0,0.0,1.0,0
0.8640136041219264,0.006937156076578015,-0.13014745898633254,1.835496559257908,-0.6731586222520005,0.31704566792597566,0.0,1.0,0.0,0.0,1.0,0.0,0.0,0.0,1.0,0.0,1.0,0.0,1.0,0.0,1
0.4400216365969431,-1.1553381022319382,-0.27770989945123814,-0.5448116995677182,1.108772206577207,1.5478226261642425,0.0,1.0,0.0,0.0,1.0,0.0,1.0,0.0,0.0,1.0,0.0,0.0,1.0,0.0,1
0.22802565283445142,-0.7125665752572653,-0.13014745898633254,-0.5448116995677182,-1.4091735298118906,-1.7658076460157064,0.0,1.0,1.0,0.0,0.0,0.0,0.0,0.0,1.0,0.0,1.0,1.0,0.0,0.0,1
-1.7859361929092195,-0.8232594570009335,-0.09325684887010613,-0.5448116995677182,1.108772206577207,0.12769536665855005,0.0,1.0,0.0,0.0,1.0,0.0,1.0,0.0,0.0,1.0,0.0,0.0,1.0,0.0,0
-0.08996832280928611,1.2245588552569282,-1.292201677647464,1.835496559257908,0.9150840730088149,-0.5350306877774398,0.0,1.0,0.0,0.0,1.0,0.0,0.0,0.0,1.0,1.0,0.0,0.0,0.0,1.0,0
-1.3619442253842362,-1.1553381022319382,0.42321169275706344,-0.5448116995677182,1.379935593572956,-0.8190561396785782,1.0,0.0,0.0,0.0,1.0,0.0,1.0,0.0,0.0,0.0,1.0,0.0,0.0,1.0,0
0.12202766095320557,-0.6018736935135971,1.3823675557789499,-0.5448116995677182,0.7213959394404228,-0.8190561396785782,1.0,0.0,0.0,1.0,0.0,0.0,0.0,1.0,0.0,1.0,0.0,0.0,0.0,1.0,0
0.22802565283445142,0.9478266508977577,-0.27770989945123814,-0.5448116995677182,-0.4794704886836084,0.6010711198271141,0.0,1.0,1.0,0.0,0.0,0.0,0.0,0.0,1.0,0.0,1.0,0.0,1.0,0.0,1
-0.19596631469053194,-0.43583437089809485,0.49699291298951626,-0.5448116995677182,0.10159391202156795,-0.8190561396785782,1.0,0.0,0.0,0.0,1.0,0.0,0.0,1.0,0.0,1.0,0.0,0.0,0.0,1.0,0
-1.1499482416217446,-1.2660309839756063,-0.628170695555389,-0.5448116995677182,0.9538216997224933,-0.8190561396785782,0.0,1.0,1.0,0.0,0.0,0.0,0.0,1.0,0.0,1.0,0.0,0.0,0.0,1.0,0
-1.5739402091467278,-1.2660309839756063,-1.1630845422406717,-0.5448116995677182,1.6898366072823834,-0.8190561396785782,1.0,0.0,0.0,0.0,1.0,0.0,0.0,0.0,1.0,1.0,0.0,0.0,0.0,1.0,0
1.6059995472906474,1.5012910596160989,-0.20392867921878532,1.835496559257908,-0.20830710168785946,-0.7243809890448654,0.0,1.0,0.0,0.0,0.0,1.0,1.0,0.0,0.0,1.0,0.0,0.0,1.0,0.0,0
0.22802565283445142,3.715148694489463,0.7921177939193275,1.835496559257908,-0.13083184826050262,2.9679498856699347,1.0,0.0,1.0,0.0,0.0,0.0,1.0,0.0,0.0,0.0,1.0,1.0,0.0,0.0,1
-1.1499482416217446,-0.6018736935135971,-0.13014745898633254,-0.5448116995677182,-0.6344209955383221,-0.3456803865100141,0.0,1.0,1.0,0.0,0.0,0.0,0.0,1.0,0.0,1.0,0.0,0.0,0.0,1.0,1
-1.3619442253842362,-0.7125665752572653,-0.14859276404444574,1.835496559257908,0.06285628530788952,0.12769536665855005,0.0,1.0,1.0,0.0,0.0,0.0,0.0,1.0,0.0,0.0,1.0,0.0,1.0,0.0,1
-1.1499482416217446,-1.8194953926939474,-0.4068270348580305,-0.5448116995677182,0.2178067921626032,-0.8190561396785782,1.0,0.0,0.0,0.0,0.0,1.0,0.0,1.0,0.0,1.0,0.0,0.0,0.0,1.0,0
0.7580156122406806,0.6710944465385873,1.1425785900234782,-0.5448116995677182,0.3727572990173169,0.12769536665855005,1.0,0.0,1.0,0.0,0.0,0.0,1.0,0.0,0.0,0.0,1.0,0.0,1.0,0.0,1
-0.4079622984530236,1.5012910596160989,-0.13014745898633254,1.835496559257908,-1.0217972626751064,-0.8190561396785782,1.0,0.0,1.0,0.0,0.0,0.0,0.0,1.0,0.0,1.0,0.0,0.0,1.0,0.0,1
0.9700115960031723,0.39436224217941673,-0.9232955764852001,-0.5448116995677182,1.6510989805687049,-0.8190561396785782,1.0,0.0,0.0,1.0,0.0,0.0,0.0,1.0,0.0,1.0,0.0,0.0,0.0,1.0,0
0.4400216365969431,0.17297647869208033,1.3639222507208366,1.835496559257908,0.6051830592993874,-0.8190561396785782,1.0,0.0,0.0,1.0,0.0,0.0,1.0,0.0,0.0,1.0,0.0,0.0,0.0,1.0,1
-0.6199582822155153,-0.49118081176992895,0.18342272700159187,1.835496559257908,1.4961484737139912,-0.8190561396785782,0.0,1.0,0.0,0.0,1.0,0.0,0.0,1.0,0.0,1.0,0.0,0.0,0.0,1.0,0
0.7580156122406806,1.5012910596160989,-0.13014745898633254,1.835496559257908,0.3340196723036385,0.12769536665855005,0.0,1.0,1.0,0.0,0.0,0.0,0.0,0.0,1.0,1.0,0.0,0.0,1.0,0.0,1
-1.0439502497404987,-0.7125665752572653,-0.4621629500323701,-0.5448116995677182,1.3024603401455992,-0.8190561396785782,0.0,1.0,0.0,1.0,0.0,0.0,0.0,1.0,0.0,1.0,0.0,0.0,0.0,1.0,0
0.12202766095320557,0.39436224217941673,-0.8126237461365209,-0.5448116995677182,-0.24704472840153788,2.0211983793328065,0.0,1.0,1.0,0.0,0.0,0.0,0.0,1.0,0.0,0.0,1.0,0.0,1.0,0.0,1
0.7580156122406806,3.715148694489463,-0.13014745898633254,1.835496559257908,-2.5713023312222436,-0.8190561396785782,0.0,1.0,0.0,0.0,1.0,0.0,0.0,0.0,1.0,1.0,0.0,0.0,1.0,0.0,1
0.546019628478189,2.05475546833444,1.493039386127629,-0.5448116995677182,0.14033153873524637,2.3998989818676577,0.0,1.0,1.0,0.0,0.0,0.0,1.0,0.0,0.0,0.0,1.0,1.0,0.0,0.0,1
0.7580156122406806,0.9478266508977577,-0.03792093369576653,1.835496559257908,0.024118658594211095,0.12769536665855005,0.0,1.0,0.0,0.0,1.0,0.0,0.0,1.0,0.0,0.0,1.0,0.0,1.0,0.0,0
0.12202766095320557,-1.2660309839756063,1.8250548771736665,-0.5448116995677182,0.9150840730088149,-0.8190561396785782,1.0,0.0,0.0,1.0,0.0,0.0,0.0,0.0,1.0,1.0,0.0,0.0,0.0,1.0,0
0.33402364471569723,-0.1591021665389243,1.216359810255931,1.835496559257908,0.45023255244467375,1.0744468729956784,0.0,1.0,1.0,0.0,0.0,0.0,0.0,0.0,1.0,0.0,1.0,0.0,1.0,0.0,1
-0.19596631469053194,0.062283596948412116,-0.8126237461365209,-0.5448116995677182,0.837608819581458,-0.06165493460887556,0.0,1.0,0.0,1.0,0.0,0.0,0.0,1.0,0.0,1.0,0.0,0.0,0.0,1.0,0
-1.4679422172654821,-0.1591021665389243,-0.5543894753229361,-0.5448116995677182,0.06285628530788952,-0.8190561396785782,0.0,1.0,0.0,0.0,1.0,0.0,0.0,1.0,0.0,1.0,0.0,0.0,0.0,1.0,0
-1.6799382010279738,0.6710944465385873,0.8658990141517803,-0.5448116995677182,-0.24704472840153788,-0.8190561396785782,0.0,1.0,0.0,0.0,1.0,0.0,0.0,1.0,0.0,1.0,0.0,0.0,0.0,1.0,0
0.7580156122406806,-0.7125665752572653,0.27564925229215786,-0.5448116995677182,0.14033153873524637,2.5892492831350835,0.0,1.0,1.0,0.0,0.0,0.0,0.0,1.0,0.0,0.0,1.0,0.0,1.0,0.0,1
1.3940035635281556,0.6710944465385873,-0.13014745898633254,-0.5448116995677182,-0.44073286196993,-0.8190561396785782,0.0,1.0,0.0,0.0,0.0,1.0,1.0,0.0,0.0,1.0,0.0,0.0,1.0,0.0,1
-0.19596631469053194,-0.1591021665389243,-0.3699364247418041,-0.5448116995677182,-0.6344209955383221,1.0744468729956784,0.0,1.0,1.0,0.0,0.0,0.0,0.0,1.0,0.0,0.0,1.0,0.0,1.0,0.0,1
0.546019628478189,0.39436224217941673,-0.4437176449742569,-0.5448116995677182,1.0700345798635287,-0.8190561396785782,0.0,1.0,0.0,1.0,0.0,0.0,0.0,1.0,0.0,0.0,1.0,0.0,0.0,1.0,0
0.01602966907195973,-0.7125665752572653,-0.13014745898633254,-0.5448116995677182,0.7213959394404228,-0.8190561396785782,0.0,1.0,1.0,0.0,0.0,0.0,0.0,1.0,0.0,1.0,0.0,0.0,1.0,0.0,1
1.9239935229343847,0.5604015647949191,-0.628170695555389,-0.5448116995677182,-1.0605348893887847,0.5063959691934012,0.0,1.0,1.0,0.0,0.0,0.0,0.0,1.0,0.0,0.0,1.0,0.0,1.0,0.0,1
-1.9979321766717113,-0.7125665752572653,-0.8679596613108606,-0.5448116995677182,-0.24704472840153788,0.695746270460827,0.0,1.0,1.0,0.0,0.0,0.0,0.0,1.0,0.0,0.0,1.0,0.0,1.0,0.0,1
-1.1499482416217446,-0.7125665752572653,-1.292201677647464,-0.5448116995677182,-0.6344209955383221,0.12769536665855005,0.0,1.0,1.0,0.0,0.0,0.0,0.0,1.0,0.0,0.0,1.0,0.0,1.0,0.0,1
0.22802565283445142,-0.1591021665389243,-1.1261939321244454,-0.5448116995677182,-1.4091735298118906,-0.8190561396785782,0.0,1.0,0.0,1.0,0.0,0.0,0.0,1.0,0.0,1.0,0.0,0.0,0.0,1.0,0
-1.8919341847904654,-0.1591021665389243,-0.6650613056716154,-0.5448116995677182,1.6123613538550265,-0.8190561396785782,0.0,1.0,0.0,0.0,1.0,0.0,0.0,1.0,0.0,1.0,0.0,0.0,0.0,1.0,0
1.5000015554094015,0.28366936043574853,-0.13014745898633254,-0.5448116995677182,-0.24704472840153788,2.0211983793328065,0.0,1.0,1.0,0.0,0.0,0.0,0.0,1.0,0.0,0.0,1.0,0.0,1.0,0.0,1
-0.6199582822155153,-0.7125665752572653,0.7183365736868746,-0.5448116995677182,-0.6344209955383221,-0.8190561396785782,1.0,0.0,0.0,1.0,0.0,0.0,0.0,1.0,0.0,1.0,0.0,0.0,0.0,1.0,0
0.01602966907195973,-0.43583437089809485,-0.5359441702648229,-0.5448116995677182,0.14033153873524637,-0.8190561396785782,0.0,1.0,1.0,0.0,0.0,0.0,0.0,1.0,0.0,1.0,0.0,0.0,1.0,0.0,1
0.01602966907195973,0.9478266508977577,-0.9232955764852001,-0.5448116995677182,-0.5569457421109653,-0.8190561396785782,0.0,1.0,0.0,0.0,1.0,0.0,0.0,1.0,0.0,1.0,0.0,0.0,0.0,1.0,0
0.12202766095320557,0.006937156076578015,-1.1077486270663321,-0.5448116995677182,-0.014618968119467331,-0.6297058384111525,0.0,1.0,0.0,0.0,1.0,0.0,0.0,0.0,1.0,1.0,0.0,0.0,0.0,1.0,0
0.4400216365969431,-1.542763188334777,-0.09325684887010613,-0.5448116995677182,0.6826583127267444,-0.2510052358763013,0.0,1.0,0.0,0.0,1.0,0.0,1.0,0.0,0.0,0.0,1.0,0.0,1.0,0.0,0
0.4400216365969431,-1.8194953926939474,0.05430559159479947,-0.5448116995677182,-0.5569457421109653,0.12769536665855005,1.0,0.0,1.0,0.0,0.0,0.0,1.0,0.0,0.0,1.0,0.0,0.0,1.0,0.0,0
0.01602966907195973,-0.1591021665389243,-0.13014745898633254,-0.5448116995677182,-0.7506338756793575,0.5063959691934012,0.0,1.0,1.0,0.0,0.0,0.0,0.0,0.0,1.0,0.0,1.0,0.0,1.0,0.0,1
-1.2559462335029903,0.39436224217941673,2.0832891479872515,-0.5448116995677182,1.3024603401455992,-0.8190561396785782,0.0,1.0,1.0,0.0,0.0,0.0,0.0,1.0,0.0,1.0,0.0,0.0,0.0,1.0,0
0.6520176203594348,-0.7125665752572653,-0.13014745898633254,-0.5448116995677182,-0.13083184826050262,1.0744468729956784,0.0,1.0,1.0,0.0,0.0,0.0,0.0,1.0,0.0,0.0,1.0,0.0,0.0,1.0,0
0.546019628478189,2.4975269953091126,-0.13014745898633254,1.835496559257908,-0.6344209955383221,-0.8190561396785782,0.0,1.0,1.0,0.0,0.0,0.0,1.0,0.0,0.0,0.0,1.0,0.0,1.0,0.0,1
-1.3619442253842362,-1.2660309839756063,-0.18548337416067212,-0.5448116995677182,0.6439206860130658,-0.8190561396785782,0.0,1.0,0.0,1.0,0.0,0.0,0.0,1.0,0.0,1.0,0.0,0.0,0.0,1.0,0
-0.9379522578592528,-0.2697950482825925,1.1610238950815914,-0.5448116995677182,1.3024603401455992,-0.8190561396785782,0.0,1.0,0.0,1.0,0.0,0.0,1.0,0.0,0.0,1.0,0.0,0.0,0.0,1.0,0
0.8640136041219264,-0.7125665752572653,0.40476638769895024,-0.5448116995677182,-1.4479111565255691,0.8850965717282526,0.0,1.0,1.0,0.0,0.0,0.0,0.0,1.0,0.0,0.0,1.0,0.0,1.0,0.0,1
0.33402364471569723,0.9478266508977577,-1.4213188130542564,-0.5448116995677182,1.4574108470003129,0.695746270460827,0.0,1.0,0.0,0.0,1.0,0.0,0.0,1.0,0.0,1.0,0.0,0.0,0.0,1.0,0
0.546019628478189,-0.43583437089809485,-0.4252723399161437,-0.5448116995677182,-0.053356594833145754,1.5478226261642425,0.0,1.0,1.0,0.0,0.0,0.0,0.0,1.0,0.0,0.0,1.0,1.0,0.0,0.0,1
-0.9379522578592528,-1.598109629206611,-0.6835066107297285,-0.5448116995677182,0.45023255244467375,2.0211983793328065,0.0,1.0,1.0,0.0,0.0,0.0,1.0,0.0,0.0,0.0,1.0,0.0,1.0,0.0,0
-0.4079622984530236,0.9478266508977577,-0.03792093369576653,-0.5448116995677182,-0.32451998182889474,1.6424977767979554,0.0,1.0,1.0,0.0,0.0,0.0,1.0,0.0,0.0,1.0,0.0,0.0,1.0,0.0,1
-0.5139602903342695,0.39436224217941673,-1.0708580169501056,-0.5448116995677182,1.379935593572956,-0.8190561396785782,0.0,1.0,0.0,0.0,1.0,0.0,0.0,1.0,0.0,1.0,0.0,0.0,0.0,1.0,0
-0.08996832280928611,-0.7125665752572653,-0.13014745898633254,-0.5448116995677182,-1.6028616633802828,-0.8190561396785782,0.0,1.0,0.0,1.0,0.0,0.0,0.0,1.0,0.0,1.0,0.0,0.0,1.0,0.0,1
-1.1499482416217446,0.9478266508977577,-1.0893033220082189,-0.5448116995677182,0.6826583127267444,-0.8190561396785782,1.0,0.0,0.0,1.0,0.0,0.0,0.0,1.0,0.0,1.0,0.0,0.0,0.0,1.0,0
0.6520176203594348,-0.9892987796164359,-0.13014745898633254,1.835496559257908,0.25654441887628165,1.4531474755305296,0.0,1.0,0.0,0.0,1.0,0.0,0.0,1.0,0.0,1.0,0.0,0.0,0.0,1.0,1
-0.4079622984530236,0.39436224217941673,-0.22237398427689853,-0.5448116995677182,1.0312969531498501,-0.2510052358763013,0.0,1.0,0.0,0.0,1.0,0.0,0.0,1.0,0.0,1.0,0.0,0.0,1.0,0.0,1
-0.6199582822155153,1.5012910596160989,0.42321169275706344,-0.5448116995677182,-1.2929606496708554,0.12769536665855005,0.0,1.0,1.0,0.0,0.0,0.0,0.0,1.0,0.0,0.0,1.0,0.0,1.0,0.0,1
-1.5739402091467278,-0.1591021665389243,-0.5543894753229361,-0.5448116995677182,-0.6344209955383221,-0.8190561396785782,0.0,1.0,0.0,1.0,0.0,0.0,0.0,1.0,0.0,1.0,0.0,0.0,0.0,1.0,0
1.182007579765664,1.5012910596160989,2.1201797581034776,-0.5448116995677182,0.566445432585709,-0.06165493460887556,1.0,0.0,0.0,0.0,1.0,0.0,1.0,0.0,0.0,1.0,0.0,0.0,0.0,1.0,0
0.6520176203594348,-0.1591021665389243,-0.13014745898633254,1.835496559257908,-0.24704472840153788,0.22237051729226295,0.0,1.0,1.0,0.0,0.0,0.0,0.0,0.0,1.0,0.0,1.0,1.0,0.0,0.0,1
0.12202766095320557,0.39436224217941673,0.42321169275706344,-0.5448116995677182,-0.32451998182889474,0.6010711198271141,0.0,1.0,1.0,0.0,0.0,0.0,0.0,1.0,0.0,0.0,1.0,0.0,1.0,0.0,1
0.4400216365969431,-0.7125665752572653,-0.13014745898633254,-0.5448116995677182,-1.17674776952982,0.6010711198271141,0.0,1.0,1.0,0.0,0.0,0.0,1.0,0.0,0.0,0.0,1.0,1.0,0.0,0.0,1
0.01602966907195973,-0.7125665752572653,-0.27770989945123814,1.835496559257908,0.14033153873524637,-0.8190561396785782,1.0,0.0,0.0,1.0,0.0,0.0,0.0,1.0,0.0,1.0,0.0,0.0,0.0,1.0,0
-1.9979321766717113,0.28366936043574853,-1.1446392371825584,-0.5448116995677182,1.7673118607097402,0.5063959691934012,1.0,0.0,1.0,0.0,0.0,0.0,0.0,1.0,0.0,1.0,0.0,0.0,0.0,1.0,0
-1.5739402091467278,-0.8232594570009335,-0.4806082550904833,-0.5448116995677182,0.14033153873524637,0.31704566792597566,0.0,1.0,1.0,0.0,0.0,0.0,0.0,1.0,0.0,1.0,0.0,0.0,1.0,0.0,1
-0.08996832280928611,-0.1591021665389243,-0.13014745898633254,-0.5448116995677182,-0.053356594833145754,0.12769536665855005,0.0,1.0,1.0,0.0,0.0,0.0,1.0,0.0,0.0,0.0,1.0,0.0,1.0,0.0,1
-0.08996832280928611,-0.1591021665389243,-0.8864049663689737,1.835496559257908,0.6051830592993874,0.31704566792597566,0.0,1.0,0.0,0.0,1.0,0.0,1.0,0.0,0.0,1.0,0.0,1.0,0.0,0.0,0
0.8640136041219264,0.39436224217941673,2.7473201300793266,-0.5448116995677182,0.7988711928677796,0.31704566792597566,1.0,0.0,1.0,0.0,0.0,0.0,1.0,0.0,0.0,1.0,0.0,0.0,1.0,0.0,0
0.22802565283445142,-0.1591021665389243,0.6998912686287615,1.835496559257908,-1.2929606496708554,0.695746270460827,0.0,1.0,1.0,0.0,0.0,0.0,1.0,0.0,0.0,0.0,1.0,1.0,0.0,0.0,1
-0.831954265978007,-1.2660309839756063,-0.09325684887010613,-0.5448116995677182,0.14033153873524637,-0.8190561396785782,0.0,1.0,1.0,0.0,0.0,0.0,0.0,0.0,1.0,1.0,0.0,0.0,0.0,1.0,0
2.1359895066968764,0.9478266508977577,0.23875864217593146,1.835496559257908,-0.24704472840153788,2.9679498856699347,0.0,1.0,1.0,0.0,0.0,0.0,0.0,0.0,1.0,0.0,1.0,1.0,0.0,0.0,1
-1.2559462335029903,0.39436224217941673,-0.3514911196836909,-0.5448116995677182,1.6123613538550265,-0.8190561396785782,0.0,1.0,1.0,0.0,0.0,0.0,0.0,1.0,0.0,1.0,0.0,0.0,0.0,1.0,0
-1.2559462335029903,0.9478266508977577,0.42321169275706344,-0.5448116995677182,-0.014618968119467331,-0.8190561396785782,0.0,1.0,0.0,1.0,0.0,0.0,0.0,1.0,0.0,1.0,0.0,0.0,0.0,1.0,0
0.546019628478189,-0.3804879300262607,-0.49905356014859653,1.835496559257908,-0.09209422154682419,1.2637971742631042,0.0,1.0,0.0,0.0,1.0,0.0,0.0,1.0,0.0,1.0,0.0,0.0,1.0,0.0,1
-0.7259562740967611,-0.1591021665389243,0.14653211688536547,-0.5448116995677182,1.6510989805687049,-0.8190561396785782,0.0,1.0,0.0,0.0,1.0,0.0,0.0,1.0,0.0,1.0,0.0,0.0,0.0,1.0,0
-0.4079622984530236,0.39436224217941673,1.769718961999327,-0.5448116995677182,-0.44073286196993,1.5478226261642425,0.0,1.0,1.0,0.0,0.0,0.0,0.0,0.0,1.0,0.0,1.0,0.0,1.0,0.0,1
-0.831954265978007,0.39436224217941673,1.216359810255931,-0.5448116995677182,-0.6344209955383221,0.8850965717282526,0.0,1.0,1.0,0.0,0.0,0.0,0.0,1.0,0.0,0.0,1.0,0.0,1.0,0.0,1
0.01602966907195973,-1.2660309839756063,-0.5728347803810493,-0.5448116995677182,0.837608819581458,0.695746270460827,1.0,0.0,0.0,0.0,1.0,0.0,0.0,1.0,0.0,1.0,0.0,0.0,1.0,0.0,0
0.8640136041219264,-0.7125665752572653,-0.4621629500323701,-0.5448116995677182,-1.9515003038033887,-0.8190561396785782,0.0,1.0,1.0,0.0,0.0,0.0,0.0,0.0,1.0,1.0,0.0,0.0,0.0,1.0,0
0.8640136041219264,-0.1591021665389243,0.3309851674664975,-0.5448116995677182,-1.525386409952926,0.31704566792597566,1.0,0.0,0.0,0.0,1.0,0.0,0.0,1.0,0.0,1.0,0.0,0.0,1.0,0.0,1
-2.5279221360779403,2.05475546833444,-0.14859276404444574,-0.5448116995677182,1.3024603401455992,-0.8190561396785782,1.0,0.0,0.0,0.0,0.0,1.0,0.0,0.0,1.0,1.0,0.0,0.0,0.0,1.0,0
1.076009587884418,-1.2660309839756063,-0.628170695555389,-0.5448116995677182,0.2952820455899601,0.8850965717282526,0.0,1.0,0.0,0.0,0.0,1.0,1.0,0.0,0.0,0.0,1.0,0.0,1.0,0.0,0
-0.6199582822155153,0.006937156076578015,1.1610238950815914,-0.5448116995677182,0.7601335661541012,1.0744468729956784,1.0,0.0,0.0,1.0,0.0,0.0,0.0,0.0,1.0,1.0,0.0,0.0,0.0,1.0,0
-1.6799382010279738,-1.2660309839756063,0.8105630989774406,-0.5448116995677182,-1.2154853962434986,0.6010711198271141,0.0,1.0,1.0,0.0,0.0,0.0,0.0,1.0,0.0,0.0,1.0,1.0,0.0,0.0,1
-1.4679422172654821,0.39436224217941673,0.8105630989774406,-0.5448116995677182,1.379935593572956,-0.8190561396785782,0.0,1.0,0.0,1.0,0.0,0.0,0.0,1.0,0.0,1.0,0.0,0.0,0.0,1.0,0
0.8640136041219264,1.058519532641426,-1.6979983889259544,-0.5448116995677182,-1.525386409952926,0.695746270460827,0.0,1.0,1.0,0.0,0.0,0.0,0.0,0.0,1.0,0.0,1.0,0.0,0.0,1.0,1
1.076009587884418,3.715148694489463,-0.13014745898633254,-0.5448116995677182,0.14033153873524637,0.12769536665855005,1.0,0.0,1.0,0.0,0.0,0.0,0.0,1.0,0.0,0.0,1.0,0.0,1.0,0.0,1
-1.7859361929092195,-0.1591021665389243,-0.628170695555389,-0.5448116995677182,0.2178067921626032,-0.8190561396785782,1.0,0.0,0.0,0.0,1.0,0.0,0.0,1.0,0.0,1.0,0.0,0.0,0.0,1.0,0
-0.08996832280928611,-0.7125665752572653,0.5338835231057426,-0.5448116995677182,-0.24704472840153788,-0.8190561396785782,1.0,0.0,0.0,0.0,1.0,0.0,0.0,1.0,0.0,1.0,0.0,0.0,0.0,1.0,0
1.076009587884418,-0.2697950482825925,0.3309851674664975,-0.5448116995677182,-1.2154853962434986,-0.6297058384111525,0.0,1.0,1.0,0.0,0.0,0.0,0.0,1.0,0.0,0.0,1.0,0.0,1.0,0.0,0
-1.7859361929092195,-0.1591021665389243,-0.9417408815433133,-0.5448116995677182,0.5277078058720306,-0.8190561396785782,0.0,1.0,0.0,0.0,1.0,0.0,0.0,1.0,0.0,1.0,0.0,0.0,0.0,1.0,0
1.076009587884418,0.062283596948412116,0.5154382180476295,-0.5448116995677182,-1.3316982763845338,2.9679498856699347,0.0,1.0,1.0,0.0,0.0,0.0,0.0,1.0,0.0,0.0,1.0,1.0,0.0,0.0,1
-0.3019643065717778,-0.1591021665389243,-1.2184204574150113,-0.5448116995677182,-1.4091735298118906,-0.8190561396785782,0.0,1.0,1.0,0.0,0.0,0.0,0.0,1.0,0.0,1.0,0.0,0.0,0.0,1.0,0
0.33402364471569723,-2.096227597053118,-0.13014745898633254,1.835496559257908,1.7673118607097402,-0.15633008524258848,0.0,1.0,1.0,0.0,0.0,0.0,0.0,1.0,0.0,1.0,0.0,1.0,0.0,0.0,1
-1.5739402091467278,0.39436224217941673,1.400812860837063,-0.5448116995677182,1.7673118607097402,-0.8190561396785782,0.0,1.0,0.0,0.0,1.0,0.0,1.0,0.0,0.0,1.0,0.0,0.0,0.0,1.0,0
-1.1499482416217446,-0.1591021665389243,1.2901410304883838,-0.5448116995677182,0.9925593264361717,0.9797717223619655,0.0,1.0,0.0,0.0,1.0,0.0,0.0,1.0,0.0,1.0,0.0,0.0,0.0,1.0,0
-0.08996832280928611,-0.43583437089809485,-0.13014745898633254,1.835496559257908,-0.6344209955383221,0.6010711198271141,0.0,1.0,1.0,0.0,0.0,0.0,0.0,1.0,0.0,1.0,0.0,0.0,0.0,1.0,1
0.9700115960031723,-1.8194953926939474,-0.13014745898633254,1.835496559257908,-1.0605348893887847,-1.6711324953819937,0.0,1.0,1.0,0.0,0.0,0.0,0.0,1.0,0.0,1.0,0.0,0.0,1.0,0.0,1
-0.831954265978007,-0.7125665752572653,0.07275089665291266,-0.5448116995677182,0.2952820455899601,-0.06165493460887556,0.0,1.0,1.0,0.0,0.0,0.0,1.0,0.0,0.0,1.0,0.0,0.0,0.0,1.0,1
-1.0439502497404987,-1.2660309839756063,-0.8864049663689737,-0.5448116995677182,1.573623727141348,-0.8190561396785782,0.0,1.0,1.0,0.0,0.0,0.0,1.0,0.0,0.0,1.0,0.0,0.0,0.0,1.0,1
0.9700115960031723,0.17297647869208033,-0.13014745898633254,-0.5448116995677182,-2.0289755572307455,-0.8190561396785782,0.0,1.0,1.0,0.0,0.0,0.0,0.0,1.0,0.0,0.0,1.0,0.0,1.0,0.0,1
1.3940035635281556,-0.7125665752572653,-0.14859276404444574,-0.5448116995677182,-2.532564704508565,0.12769536665855005,0.0,1.0,1.0,0.0,0.0,0.0,0.0,1.0,0.0,1.0,0.0,0.0,1.0,0.0,1
-0.08996832280928611,-0.2697950482825925,-0.5359441702648229,-0.5448116995677182,-0.8281091291067143,-0.8190561396785782,1.0,0.0,0.0,0.0,1.0,0.0,1.0,0.0,0.0,1.0,0.0,0.0,0.0,1.0,0
0.01602966907195973,-0.1591021665389243,-0.05636623875387973,-0.5448116995677182,-1.7578121702349965,0.12769536665855005,0.0,1.0,1.0,0.0,0.0,0.0,0.0,1.0,0.0,0.0,1.0,0.0,1.0,0.0,1
-0.7259562740967611,-1.2660309839756063,-0.13014745898633254,1.835496559257908,0.4889701791583522,1.1691220236293913,0.0,1.0,1.0,0.0,0.0,0.0,0.0,0.0,1.0,1.0,0.0,0.0,0.0,1.0,1
-0.19596631469053194,-0.7125665752572653,0.7183365736868746,-0.5448116995677182,-0.7118962489656789,-0.8190561396785782,0.0,1.0,0.0,1.0,0.0,0.0,0.0,1.0,0.0,1.0,0.0,0.0,0.0,1.0,0
-0.3019643065717778,-0.1591021665389243,-0.4621629500323701,-0.5448116995677182,0.9150840730088149,1.0744468729956784,1.0,0.0,0.0,0.0,1.0,0.0,0.0,1.0,0.0,0.0,1.0,0.0,0.0,1.0,0
-1.9979321766717113,-1.2660309839756063,0.22031333711781825,-0.5448116995677182,0.14033153873524637,-0.8190561396785782,0.0,1.0,0.0,1.0,0.0,0.0,0.0,1.0,0.0,1.0,0.0,0.0,1.0,0.0,1
0.33402364471569723,-0.2697950482825925,-0.29615520450935134,-0.5448116995677182,0.5277078058720306,-0.4403555371437269,0.0,1.0,0.0,0.0,1.0,0.0,1.0,0.0,0.0,1.0,0.0,0.0,1.0,0.0,1
0.7580156122406806,0.9478266508977577,-0.13014745898633254,-0.5448116995677182,-0.7506338756793575,1.0744468729956784,0.0,1.0,1.0,0.0,0.0,0.0,0.0,1.0,0.0,0.0,1.0,0.0,1.0,0.0,1
0.22802565283445142,-0.7125665752572653,-2.952279132877652,-0.5448116995677182,0.14033153873524637,-0.8190561396785782,0.0,1.0,1.0,0.0,0.0,0.0,0.0,1.0,0.0,1.0,0.0,0.0,0.0,1.0,0
0.6520176203594348,-0.1591021665389243,-1.0893033220082189,1.835496559257908,0.14033153873524637,-0.3456803865100141,0.0,1.0,1.0,0.0,0.0,0.0,1.0,0.0,0.0,0.0,1.0,0.0,1.0,0.0,1
0.33402364471569723,1.1692124143850942,-0.24081928933501173,-0.5448116995677182,1.0700345798635287,-0.8190561396785782,0.0,1.0,0.0,1.0,0.0,0.0,1.0,0.0,0.0,1.0,0.0,0.0,0.0,1.0,1
-0.6199582822155153,-1.2660309839756063,-0.628170695555389,-0.5448116995677182,0.06285628530788952,-0.8190561396785782,0.0,1.0,0.0,0.0,1.0,0.0,0.0,1.0,0.0,1.0,0.0,0.0,0.0,1.0,0
0.33402364471569723,1.2799052961287625,-1.3290922877636906,-0.5448116995677182,-0.6731586222520005,2.0211983793328065,0.0,1.0,1.0,0.0,0.0,0.0,1.0,0.0,0.0,0.0,1.0,1.0,0.0,0.0,1
1.6059995472906474,0.39436224217941673,-0.11170215392821933,-0.5448116995677182,0.566445432585709,0.8850965717282526,1.0,0.0,0.0,0.0,0.0,1.0,0.0,1.0,0.0,1.0,0.0,0.0,0.0,1.0,0
1.3940035635281556,-0.9892987796164359,5.88302198995857,-0.5448116995677182,0.9150840730088149,0.695746270460827,1.0,0.0,0.0,0.0,1.0,0.0,1.0,0.0,0.0,1.0,0.0,0.0,1.0,0.0,0
-0.6199582822155153,-0.7125665752572653,-1.2553110675312378,1.835496559257908,0.45023255244467375,-0.8190561396785782,1.0,0.0,0.0,1.0,0.0,0.0,0.0,0.0,1.0,1.0,0.0,0.0,0.0,1.0,0
-0.3019643065717778,-0.2697950482825925,-0.13014745898633254,-0.5448116995677182,-1.1380101428161418,-0.8190561396785782,0.0,1.0,1.0,0.0,0.0,0.0,0.0,1.0,0.0,1.0,0.0,0.0,0.0,1.0,0
-1.2559462335029903,-0.7125665752572653,-0.31460050956746455,-0.5448116995677182,0.6051830592993874,0.6010711198271141,0.0,1.0,0.0,0.0,1.0,0.0,0.0,1.0,0.0,0.0,1.0,0.0,1.0,0.0,0
0.546019628478189,0.11763003782024622,-0.13014745898633254,-0.5448116995677182,-0.8281091291067143,0.12769536665855005,0.0,1.0,1.0,0.0,0.0,0.0,0.0,1.0,0.0,0.0,1.0,0.0,1.0,0.0,1
-0.831954265978007,-1.542763188334777,-0.7572878309621813,-0.5448116995677182,1.379935593572956,-0.8190561396785782,1.0,0.0,0.0,1.0,0.0,0.0,0.0,1.0,0.0,1.0,0.0,0.0,0.0,1.0,0
0.546019628478189,0.28366936043574853,0.47854760793140305,-0.5448116995677182,1.7673118607097402,-0.8190561396785782,0.0,1.0,1.0,0.0,0.0,0.0,1.0,0.0,0.0,1.0,0.0,0.0,0.0,1.0,0
0.33402364471569723,0.39436224217941673,-0.13014745898633254,1.835496559257908,-1.4091735298118906,-0.8190561396785782,0.0,1.0,1.0,0.0,0.0,0.0,0.0,1.0,0.0,0.0,1.0,0.0,1.0,0.0,1
1.7119975391718931,0.6710944465385873,-1.3106469827055773,-0.5448116995677182,-0.44073286196993,1.6424977767979554,0.0,1.0,1.0,0.0,0.0,0.0,0.0,1.0,0.0,0.0,1.0,1.0,0.0,0.0,1
-0.9379522578592528,-0.1591021665389243,-0.16703806910255892,-0.5448116995677182,0.2952820455899601,-0.7243809890448654,0.0,1.0,0.0,0.0,1.0,0.0,0.0,1.0,0.0,1.0,0.0,0.0,0.0,1.0,0
0.8640136041219264,0.39436224217941673,0.42321169275706344,-0.5448116995677182,0.9150840730088149,2.5892492831350835,1.0,0.0,1.0,0.0,0.0,0.0,1.0,0.0,0.0,1.0,0.0,1.0,0.0,0.0,1
0.01602966907195973,-0.3251414891544266,1.6221565215344214,1.835496559257908,0.6826583127267444,-0.8190561396785782,1.0,0.0,1.0,0.0,0.0,0.0,0.0,0.0,1.0,1.0,0.0,0.0,1.0,0.0,1
0.12202766095320557,-0.7125665752572653,0.20186803205970505,1.835496559257908,0.024118658594211095,-0.8190561396785782,0.0,1.0,0.0,1.0,0.0,0.0,0.0,1.0,0.0,1.0,0.0,0.0,0.0,1.0,0
0.01602966907195973,-0.1591021665389243,-0.7941784410784077,1.835496559257908,-0.9443220092477496,1.0744468729956784,0.0,1.0,1.0,0.0,0.0,0.0,0.0,1.0,0.0,0.0,1.0,0.0,1.0,0.0,1
-0.3019643065717778,-1.2660309839756063,-0.13014745898633254,1.835496559257908,-1.719074543521318,-0.8190561396785782,0.0,1.0,1.0,0.0,0.0,0.0,0.0,1.0,0.0,1.0,0.0,0.0,1.0,0.0,1
-1.5739402091467278,-0.7125665752572653,1.7328283518831007,-0.5448116995677182,1.3024603401455992,-0.8190561396785782,0.0,1.0,0.0,0.0,1.0,0.0,0.0,1.0,0.0,1.0,0.0,0.0,0.0,1.0,0
-0.19596631469053194,-1.1553381022319382,-0.27770989945123814,-0.5448116995677182,0.9150840730088149,-0.8190561396785782,0.0,1.0,1.0,0.0,0.0,0.0,0.0,1.0,0.0,1.0,0.0,0.0,0.0,1.0,1
0.22802565283445142,-0.49118081176992895,-0.3883817297999173,1.835496559257908,0.9538216997224933,1.0744468729956784,0.0,1.0,0.0,1.0,0.0,0.0,0.0,1.0,0.0,1.0,0.0,0.0,1.0,0.0,0
-0.19596631469053194,-2.096227597053118,-0.13014745898633254,1.835496559257908,-2.106450810658102,-0.06165493460887556,0.0,1.0,1.0,0.0,0.0,0.0,0.0,1.0,0.0,0.0,1.0,0.0,1.0,0.0,1
1.9239935229343847,1.5012910596160989,-2.2513575406693507,1.835496559257908,-0.24704472840153788,0.6010711198271141,0.0,1.0,1.0,0.0,0.0,0.0,1.0,0.0,0.0,1.0,0.0,0.0,1.0,0.0,1
-0.08996832280928611,-0.1591021665389243,-1.1630845422406717,-0.5448116995677182,0.45023255244467375,-0.8190561396785782,0.0,1.0,1.0,0.0,0.0,0.0,0.0,1.0,0.0,1.0,0.0,0.0,0.0,1.0,0
-0.9379522578592528,-0.1591021665389243,-0.14859276404444574,-0.5448116995677182,1.3024603401455992,-0.8190561396785782,1.0,0.0,0.0,1.0,0.0,0.0,0.0,1.0,0.0,1.0,0.0,0.0,0.0,1.0,0
-0.6199582822155153,-0.7125665752572653,-0.9232955764852001,-0.5448116995677182,-0.44073286196993,-0.8190561396785782,1.0,0.0,0.0,0.0,1.0,0.0,0.0,1.0,0.0,1.0,0.0,0.0,0.0,1.0,0
0.7580156122406806,0.39436224217941673,0.7183365736868746,-0.5448116995677182,-0.5182081153972868,0.41172081855968856,0.0,1.0,0.0,0.0,1.0,0.0,0.0,1.0,0.0,0.0,1.0,0.0,1.0,0.0,1
0.22802565283445142,-0.7125665752572653,-0.13014745898633254,-0.5448116995677182,-1.525386409952926,-0.8190561396785782,0.0,1.0,0.0,0.0,1.0,0.0,0.0,1.0,0.0,1.0,0.0,0.0,1.0,0.0,0
-0.19596631469053194,-1.1553381022319382,1.7881642670574402,-0.5448116995677182,-1.5641240366666043,0.12769536665855005,0.0,1.0,1.0,0.0,0.0,0.0,0.0,0.0,1.0,0.0,1.0,0.0,1.0,0.0,1
0.7580156122406806,-0.1591021665389243,0.9027896242680067,-0.5448116995677182,-0.6344209955383221,0.12769536665855005,1.0,0.0,1.0,0.0,0.0,0.0,0.0,0.0,1.0,0.0,1.0,0.0,1.0,0.0,0
1.182007579765664,0.6710944465385873,-0.13014745898633254,1.835496559257908,-2.6875152113632788,-0.15633008524258848,0.0,1.0,1.0,0.0,0.0,0.0,0.0,0.0,1.0,1.0,0.0,0.0,1.0,0.0,1
0.22802565283445142,-0.7125665752572653,-0.13014745898633254,-0.5448116995677182,0.45023255244467375,-0.8190561396785782,0.0,1.0,1.0,0.0,0.0,0.0,0.0,0.0,1.0,1.0,0.0,0.0,1.0,0.0,1
0.4400216365969431,-0.1591021665389243,0.3309851674664975,-0.5448116995677182,0.14033153873524637,1.0744468729956784,0.0,1.0,1.0,0.0,0.0,0.0,0.0,1.0,0.0,0.0,1.0,0.0,1.0,0.0,1
-0.7259562740967611,1.2245588552569282,-0.13014745898633254,-0.5448116995677182,-0.7118962489656789,0.12769536665855005,0.0,1.0,0.0,0.0,1.0,0.0,0.0,1.0,0.0,0.0,1.0,0.0,1.0,0.0,1
0.6520176203594348,0.17297647869208033,-0.9232955764852001,-0.5448116995677182,-0.4019952352562516,-0.5350306877774398,0.0,1.0,1.0,0.0,0.0,0.0,0.0,1.0,0.0,1.0,0.0,0.0,0.0,1.0,0
-0.08996832280928611,0.28366936043574853,-0.20392867921878532,-0.5448116995677182,0.9150840730088149,-0.8190561396785782,1.0,0.0,1.0,0.0,0.0,0.0,1.0,0.0,0.0,1.0,0.0,0.0,0.0,1.0,0
-2.633920127959186,0.39436224217941673,0.3309851674664975,-0.5448116995677182,1.3024603401455992,-0.8190561396785782,0.0,1.0,0.0,1.0,0.0,0.0,0.0,1.0,0.0,1.0,0.0,0.0,0.0,1.0,0
1.182007579765664,0.39436224217941673,1.1241332849653651,1.835496559257908,-1.9127626770897102,0.6010711198271141,0.0,1.0,1.0,0.0,0.0,0.0,0.0,1.0,0.0,0.0,1.0,0.0,1.0,0.0,1
-0.831954265978007,0.39436224217941673,0.49699291298951626,1.835496559257908,1.4961484737139912,1.0744468729956784,0.0,1.0,0.0,0.0,0.0,1.0,0.0,1.0,0.0,1.0,0.0,0.0,1.0,0.0,1
0.6520176203594348,1.5012910596160989,0.40476638769895024,1.835496559257908,0.7988711928677796,-0.3456803865100141,0.0,1.0,0.0,1.0,0.0,0.0,0.0,0.0,1.0,1.0,0.0,0.0,1.0,0.0,1
-0.4079622984530236,0.39436224217941673,-2.140685710320671,-0.5448116995677182,-0.053356594833145754,-0.8190561396785782,0.0,1.0,1.0,0.0,0.0,0.0,0.0,1.0,0.0,1.0,0.0,0.0,0.0,1.0,0
0.7580156122406806,-0.1591021665389243,1.5668206063600818,-0.5448116995677182,1.2637227134319207,-0.8190561396785782,1.0,0.0,1.0,0.0,0.0,0.0,1.0,0.0,0.0,1.0,0.0,0.0,0.0,1.0,1
0.33402364471569723,0.39436224217941673,-0.13014745898633254,-0.5448116995677182,-0.6344209955383221,1.0744468729956784,0.0,1.0,1.0,0.0,0.0,0.0,0.0,1.0,0.0,0.0,1.0,0.0,1.0,0.0,1
-0.831954265978007,-0.7125665752572653,-0.25926459439312494,-0.5448116995677182,-0.8281091291067143,-0.8190561396785782,0.0,1.0,1.0,0.0,0.0,0.0,0.0,1.0,0.0,0.0,1.0,0.0,1.0,0.0,1
0.4400216365969431,-0.1591021665389243,-0.27770989945123814,-0.5448116995677182,0.5277078058720306,-0.8190561396785782,0.0,1.0,0.0,1.0,0.0,0.0,0.0,1.0,0.0,1.0,0.0,0.0,0.0,1.0,0
-1.2559462335029903,-0.9892987796164359,-0.628170695555389,-0.5448116995677182,0.024118658594211095,-0.8190561396785782,1.0,0.0,0.0,0.0,1.0,0.0,0.0,0.0,1.0,1.0,0.0,0.0,0.0,1.0,0
0.12202766095320557,0.6710944465385873,0.05430559159479947,-0.5448116995677182,-1.5641240366666043,1.0744468729956784,0.0,1.0,1.0,0.0,0.0,0.0,0.0,1.0,0.0,0.0,1.0,0.0,1.0,0.0,1
-0.19596631469053194,-0.1591021665389243,-1.199975152356898,-0.5448116995677182,0.14033153873524637,0.6010711198271141,1.0,0.0,1.0,0.0,0.0,0.0,0.0,1.0,0.0,0.0,1.0,0.0,1.0,0.0,0
1.817995531053139,-1.1553381022319382,-1.7717796091584073,-0.5448116995677182,-0.44073286196993,0.695746270460827,1.0,0.0,1.0,0.0,0.0,0.0,0.0,1.0,0.0,1.0,0.0,0.0,1.0,0.0,0
-1.3619442253842362,-0.43583437089809485,-0.13014745898633254,1.835496559257908,1.5348861004276697,0.695746270460827,0.0,1.0,1.0,0.0,0.0,0.0,0.0,1.0,0.0,1.0,0.0,0.0,0.0,1.0,1
-1.9979321766717113,-0.3804879300262607,0.6814459635706482,-0.5448116995677182,0.7601335661541012,-0.8190561396785782,0.0,1.0,1.0,0.0,0.0,0.0,1.0,0.0,0.0,0.0,1.0,0.0,0.0,1.0,1
0.01602966907195973,0.9478266508977577,-0.27770989945123814,-0.5448116995677182,-0.24704472840153788,-0.8190561396785782,1.0,0.0,0.0,1.0,0.0,0.0,0.0,1.0,0.0,1.0,0.0,0.0,0.0,1.0,0
0.12202766095320557,-0.9892987796164359,-0.13014745898633254,1.835496559257908,0.7213959394404228,-0.7243809890448654,0.0,1.0,1.0,0.0,0.0,0.0,0.0,1.0,0.0,1.0,0.0,0.0,1.0,0.0,1
0.01602966907195973,-0.7125665752572653,0.5154382180476295,-0.5448116995677182,0.5277078058720306,0.6010711198271141,1.0,0.0,0.0,1.0,0.0,0.0,0.0,1.0,0.0,1.0,0.0,0.0,1.0,0.0,0
0.8640136041219264,-0.1037557256670902,-0.13014745898633254,-0.5448116995677182,-0.24704472840153788,-0.7243809890448654,0.0,1.0,0.0,1.0,0.0,0.0,0.0,1.0,0.0,1.0,0.0,0.0,0.0,1.0,0
0.7580156122406806,-1.542763188334777,-0.13014745898633254,1.835496559257908,-1.0217972626751064,0.6010711198271141,0.0,1.0,1.0,0.0,0.0,0.0,0.0,1.0,0.0,0.0,1.0,0.0,0.0,1.0,1
0.01602966907195973,0.9478266508977577,2.212406283394044,-0.5448116995677182,-0.09209422154682419,0.12769536665855005,0.0,1.0,1.0,0.0,0.0,0.0,0.0,0.0,1.0,1.0,0.0,0.0,0.0,1.0,0
-0.6199582822155153,-0.49118081176992895,0.5338835231057426,-0.5448116995677182,1.1475098332908855,-0.3456803865100141,0.0,1.0,1.0,0.0,0.0,0.0,1.0,0.0,0.0,1.0,0.0,0.0,1.0,0.0,1
0.6520176203594348,-1.8194953926939474,0.05430559159479947,-0.5448116995677182,-0.44073286196993,0.12769536665855005,0.0,1.0,1.0,0.0,0.0,0.0,0.0,1.0,0.0,1.0,0.0,0.0,1.0,0.0,1
1.182007579765664,-0.1591021665389243,0.5523288281638559,-0.5448116995677182,-0.8281091291067143,0.12769536665855005,0.0,1.0,1.0,0.0,0.0,0.0,0.0,0.0,1.0,0.0,1.0,0.0,1.0,0.0,1
1.5000015554094015,0.33901580130758263,-1.181529847298785,1.835496559257908,-0.053356594833145754,-0.6297058384111525,0.0,1.0,0.0,0.0,0.0,1.0,0.0,0.0,1.0,1.0,0.0,0.0,0.0,1.0,0
1.2880055716469099,1.5012910596160989,0.017414981478573066,-0.5448116995677182,-0.6344209955383221,-0.8190561396785782,0.0,1.0,0.0,1.0,0.0,0.0,0.0,1.0,0.0,0.0,1.0,0.0,1.0,0.0,1
0.546019628478189,0.39436224217941673,-1.2553110675312378,-0.5448116995677182,0.9925593264361717,-0.8190561396785782,0.0,1.0,1.0,0.0,0.0,0.0,0.0,1.0,0.0,0.0,1.0,0.0,0.0,1.0,1
0.22802565283445142,0.39436224217941673,0.9027896242680067,-0.5448116995677182,0.6439206860130658,0.41172081855968856,1.0,0.0,0.0,1.0,0.0,0.0,1.0,0.0,0.0,1.0,0.0,0.0,1.0,0.0,0
-1.4679422172654821,0.39436224217941673,-0.18548337416067212,-0.5448116995677182,1.9997376209918107,-0.8190561396785782,0.0,1.0,0.0,0.0,1.0,0.0,0.0,1.0,0.0,1.0,0.0,0.0,0.0,1.0,0
1.6059995472906474,0.5050551239230849,0.47854760793140305,-0.5448116995677182,-0.4019952352562516,-0.5350306877774398,0.0,1.0,0.0,0.0,1.0,0.0,1.0,0.0,0.0,1.0,0.0,0.0,0.0,1.0,0
0.01602966907195973,0.28366936043574853,0.5338835231057426,-0.5448116995677182,-1.2154853962434986,0.6010711198271141,1.0,0.0,1.0,0.0,0.0,0.0,0.0,1.0,0.0,0.0,1.0,0.0,1.0,0.0,1
-0.08996832280928611,-1.542763188334777,-0.13014745898633254,-0.5448116995677182,-0.8281091291067143,-0.8190561396785782,0.0,1.0,0.0,0.0,1.0,0.0,0.0,1.0,0.0,1.0,0.0,0.0,1.0,0.0,1
-0.6199582822155153,-0.7125665752572653,0.16497742194347867,-0.5448116995677182,-1.0217972626751064,-0.8190561396785782,1.0,0.0,1.0,0.0,0.0,0.0,0.0,0.0,1.0,1.0,0.0,0.0,0.0,1.0,0
0.7580156122406806,-1.2660309839756063,-0.13014745898633254,1.835496559257908,-0.9055843825340711,0.5063959691934012,0.0,1.0,1.0,0.0,0.0,0.0,0.0,1.0,0.0,1.0,0.0,0.0,1.0,0.0,1
-0.5139602903342695,-0.9892987796164359,0.36787577758272383,-0.5448116995677182,1.4961484737139912,-0.8190561396785782,0.0,1.0,0.0,0.0,1.0,0.0,0.0,1.0,0.0,1.0,0.0,0.0,1.0,0.0,1
1.3940035635281556,-0.7125665752572653,-0.13014745898633254,1.835496559257908,0.5277078058720306,0.6010711198271141,0.0,1.0,1.0,0.0,0.0,0.0,0.0,1.0,0.0,1.0,0.0,1.0,0.0,0.0,1
-0.4079622984530236,-0.7125665752572653,-0.01947562863765333,-0.5448116995677182,0.9925593264361717,0.22237051729226295,1.0,0.0,0.0,1.0,0.0,0.0,0.0,1.0,0.0,1.0,0.0,0.0,0.0,1.0,0
0.6520176203594348,0.9478266508977577,0.23875864217593146,-0.5448116995677182,0.7988711928677796,1.6424977767979554,1.0,0.0,1.0,0.0,0.0,0.0,1.0,0.0,0.0,1.0,0.0,0.0,1.0,0.0,1
-0.7259562740967611,0.28366936043574853,0.22031333711781825,-0.5448116995677182,0.7601335661541012,-0.8190561396785782,0.0,1.0,0.0,0.0,1.0,0.0,1.0,0.0,0.0,1.0,0.0,0.0,0.0,1.0,0
-0.4079622984530236,-1.2660309839756063,-0.7941784410784077,-0.5448116995677182,0.3340196723036385,-0.8190561396785782,1.0,0.0,0.0,1.0,0.0,0.0,0.0,1.0,0.0,1.0,0.0,0.0,0.0,1.0,0
-0.08996832280928611,1.1692124143850942,-0.13014745898633254,1.835496559257908,0.14033153873524637,0.6010711198271141,0.0,1.0,1.0,0.0,0.0,0.0,0.0,0.0,1.0,0.0,1.0,0.0,1.0,0.0,1
0.6520176203594348,0.9478266508977577,-0.09325684887010613,-0.5448116995677182,1.3411979668592775,0.033020216024837235,1.0,0.0,0.0,0.0,0.0,1.0,0.0,1.0,0.0,1.0,0.0,0.0,0.0,1.0,0
-0.08996832280928611,-0.1591021665389243,0.017414981478573066,1.835496559257908,1.4186732202866343,-0.8190561396785782,0.0,1.0,0.0,0.0,1.0,0.0,1.0,0.0,0.0,1.0,0.0,0.0,0.0,1.0,0
0.9700115960031723,0.6710944465385873,-0.22237398427689853,1.835496559257908,0.5277078058720306,1.3584723248968167,0.0,1.0,0.0,0.0,0.0,1.0,1.0,0.0,0.0,1.0,0.0,1.0,0.0,0.0,0
0.12202766095320557,-0.7125665752572653,0.46010230287328985,-0.5448116995677182,0.14033153873524637,-0.8190561396785782,0.0,1.0,1.0,0.0,0.0,0.0,0.0,1.0,0.0,1.0,0.0,0.0,0.0,1.0,0
-0.6199582822155153,-1.3767238657192746,-1.5135453383448225,-0.5448116995677182,1.4961484737139912,1.0744468729956784,1.0,0.0,1.0,0.0,0.0,0.0,0.0,1.0,0.0,1.0,0.0,0.0,0.0,1.0,0
-1.0439502497404987,-1.1553381022319382,0.8290084040355539,-0.5448116995677182,0.6439206860130658,-0.8190561396785782,0.0,1.0,1.0,0.0,0.0,0.0,1.0,0.0,0.0,1.0,0.0,0.0,0.0,1.0,1
-1.3619442253842362,-0.7125665752572653,0.847453709093667,-0.5448116995677182,0.9150840730088149,-0.8190561396785782,0.0,1.0,0.0,1.0,0.0,0.0,0.0,0.0,1.0,1.0,0.0,0.0,0.0,1.0,0
2.1359895066968764,0.28366936043574853,-0.13014745898633254,-0.5448116995677182,-0.7893715023930359,-0.6297058384111525,0.0,1.0,0.0,0.0,1.0,0.0,0.0,1.0,0.0,1.0,0.0,0.0,0.0,1.0,0
0.4400216365969431,0.7264408874104213,-0.49905356014859653,-0.5448116995677182,-1.2154853962434986,1.0744468729956784,0.0,1.0,1.0,0.0,0.0,0.0,0.0,1.0,0.0,1.0,0.0,0.0,1.0,0.0,1
1.5000015554094015,0.11763003782024622,-0.13014745898633254,-0.5448116995677182,-0.6344209955383221,-0.8190561396785782,0.0,1.0,1.0,0.0,0.0,0.0,0.0,0.0,1.0,0.0,1.0,0.0,0.0,1.0,1
1.182007579765664,0.6157480056667531,1.2348051153140442,-0.5448116995677182,-0.9055843825340711,0.7904214210945397,0.0,1.0,1.0,0.0,0.0,0.0,1.0,0.0,0.0,0.0,1.0,0.0,1.0,0.0,1
-0.08996832280928611,-0.546527252641763,0.6814459635706482,-0.5448116995677182,-1.6028616633802828,1.0744468729956784,0.0,1.0,1.0,0.0,0.0,0.0,0.0,1.0,0.0,0.0,1.0,0.0,1.0,0.0,1
-1.9979321766717113,-0.7125665752572653,-0.13014745898633254,1.835496559257908,-0.24704472840153788,0.31704566792597566,0.0,1.0,1.0,0.0,0.0,0.0,0.0,1.0,0.0,0.0,1.0,0.0,1.0,0.0,1
0.7580156122406806,0.7264408874104213,-0.07481154381199293,-0.5448116995677182,0.45023255244467375,2.0211983793328065,0.0,1.0,1.0,0.0,0.0,0.0,0.0,1.0,0.0,0.0,1.0,1.0,0.0,0.0,1
0.33402364471569723,1.5012910596160989,-0.13014745898633254,1.835496559257908,-1.4866487832392474,1.0744468729956784,0.0,1.0,1.0,0.0,0.0,0.0,0.0,1.0,0.0,0.0,1.0,0.0,1.0,0.0,1
0.8640136041219264,1.3905981778724306,-0.6466160006135021,1.835496559257908,-0.9443220092477496,2.0211983793328065,0.0,1.0,1.0,0.0,0.0,0.0,0.0,1.0,0.0,0.0,1.0,1.0,0.0,0.0,1
0.6520176203594348,1.5012910596160989,-0.13014745898633254,1.835496559257908,0.4889701791583522,-0.4403555371437269,0.0,1.0,1.0,0.0,0.0,0.0,0.0,1.0,0.0,1.0,0.0,0.0,1.0,0.0,1
0.4400216365969431,2.608219877052781,2.7288748250212134,-0.5448116995677182,-1.0217972626751064,0.12769536665855005,1.0,0.0,0.0,1.0,0.0,0.0,0.0,1.0,0.0,0.0,1.0,0.0,1.0,0.0,1
0.7580156122406806,0.33901580130758263,0.6998912686287615,-0.5448116995677182,-0.053356594833145754,-0.5350306877774398,0.0,1.0,0.0,1.0,0.0,0.0,0.0,1.0,0.0,1.0,0.0,0.0,0.0,1.0,0
-0.831954265978007,2.608219877052781,0.6445553534544218,-0.5448116995677182,-0.6344209955383221,-0.8190561396785782,0.0,1.0,1.0,0.0,0.0,0.0,0.0,0.0,1.0,1.0,0.0,0.0,0.0,1.0,0
-1.5739402091467278,1.5012910596160989,-1.8086702192746338,1.835496559257908,0.9150840730088149,-0.8190561396785782,0.0,1.0,0.0,0.0,1.0,0.0,0.0,1.0,0.0,1.0,0.0,0.0,0.0,1.0,0
0.22802565283445142,-0.9892987796164359,-0.13014745898633254,1.835496559257908,-2.106450810658102,-1.7658076460157064,0.0,1.0,1.0,0.0,0.0,0.0,0.0,0.0,1.0,1.0,0.0,0.0,0.0,1.0,1
-1.3619442253842362,-0.7125665752572653,-1.6242171686935016,-0.5448116995677182,1.7673118607097402,-0.8190561396785782,0.0,1.0,0.0,1.0,0.0,0.0,0.0,1.0,0.0,1.0,0.0,0.0,0.0,1.0,0
1.182007579765664,-1.2660309839756063,0.05430559159479947,-0.5448116995677182,0.837608819581458,-0.2510052358763013,0.0,1.0,1.0,0.0,0.0,0.0,1.0,0.0,0.0,1.0,0.0,0.0,0.0,1.0,1
1.3940035635281556,-1.4874167474629427,-0.4068270348580305,-0.5448116995677182,0.2178067921626032,-0.5350306877774398,1.0,0.0,1.0,0.0,0.0,0.0,0.0,1.0,0.0,1.0,0.0,0.0,0.0,1.0,0
0.9700115960031723,0.9478266508977577,-0.13014745898633254,-0.5448116995677182,-1.9515003038033887,1.0744468729956784,0.0,1.0,1.0,0.0,0.0,0.0,0.0,1.0,0.0,0.0,1.0,0.0,1.0,0.0,1
0.22802565283445142,-0.43583437089809485,-0.13014745898633254,1.835496559257908,-1.4866487832392474,-2.7125591523528345,0.0,1.0,0.0,0.0,1.0,0.0,0.0,1.0,0.0,1.0,0.0,0.0,1.0,0.0,1
0.9700115960031723,-0.1591021665389243,1.1610238950815914,-0.5448116995677182,0.06285628530788952,1.0744468729956784,0.0,1.0,1.0,0.0,0.0,0.0,0.0,1.0,0.0,0.0,1.0,0.0,1.0,0.0,1
-2.103930168552957,0.9478266508977577,-0.5728347803810493,-0.5448116995677182,1.2249850867182424,-0.8190561396785782,0.0,1.0,0.0,1.0,0.0,0.0,0.0,0.0,1.0,1.0,0.0,0.0,0.0,1.0,0
2.1359895066968764,1.2245588552569282,1.1979145051978177,-0.5448116995677182,-0.9443220092477496,0.6010711198271141,0.0,1.0,1.0,0.0,0.0,0.0,0.0,1.0,0.0,0.0,1.0,1.0,0.0,0.0,1
-0.3019643065717778,-0.7125665752572653,-0.13014745898633254,1.835496559257908,-1.254223022957177,-0.8190561396785782,0.0,1.0,1.0,0.0,0.0,0.0,0.0,1.0,0.0,1.0,0.0,0.0,1.0,0.0,1
0.4400216365969431,0.22832291956391443,-0.24081928933501173,-0.5448116995677182,-0.4794704886836084,0.5063959691934012,0.0,1.0,0.0,0.0,1.0,0.0,0.0,0.0,1.0,0.0,1.0,0.0,1.0,0.0,1
-0.7259562740967611,-1.2660309839756063,-0.13014745898633254,1.835496559257908,-0.6344209955383221,-0.8190561396785782,0.0,1.0,0.0,0.0,1.0,0.0,0.0,1.0,0.0,0.0,1.0,0.0,1.0,0.0,1
0.22802565283445142,-0.7125665752572653,-0.16703806910255892,-0.5448116995677182,1.6123613538550265,-0.06165493460887556,0.0,1.0,0.0,1.0,0.0,0.0,0.0,1.0,0.0,1.0,0.0,0.0,0.0,1.0,0
0.9700115960031723,0.9478266508977577,-0.4068270348580305,-0.5448116995677182,-0.8281091291067143,-0.8190561396785782,0.0,1.0,1.0,0.0,0.0,0.0,0.0,1.0,0.0,1.0,0.0,0.0,1.0,0.0,1
-0.7259562740967611,-1.2660309839756063,0.5523288281638559,-0.5448116995677182,-0.7118962489656789,0.12769536665855005,0.0,1.0,1.0,0.0,0.0,0.0,1.0,0.0,0.0,0.0,1.0,0.0,1.0,0.0,1
-1.0439502497404987,-0.8232594570009335,-0.05636623875387973,-0.5448116995677182,0.4889701791583522,-0.5350306877774398,1.0,0.0,0.0,0.0,1.0,0.0,0.0,1.0,0.0,1.0,0.0,0.0,1.0,0.0,0
-1.5739402091467278,3.161684285771122,-0.07481154381199293,-0.5448116995677182,-1.17674776952982,-0.8190561396785782,0.0,1.0,0.0,1.0,0.0,0.0,0.0,1.0,0.0,1.0,0.0,0.0,0.0,1.0,0
2.1359895066968764,0.6710944465385873,-0.5359441702648229,1.835496559257908,-0.7893715023930359,0.8850965717282526,0.0,1.0,0.0,0.0,0.0,1.0,0.0,1.0,0.0,0.0,1.0,0.0,1.0,0.0,1
-1.9979321766717113,-0.7125665752572653,-1.568881253519162,-0.5448116995677182,1.8835247408507756,-0.8190561396785782,1.0,0.0,0.0,0.0,0.0,1.0,0.0,0.0,1.0,1.0,0.0,0.0,0.0,1.0,0
0.22802565283445142,-0.7125665752572653,-0.9601861866014265,-0.5448116995677182,0.9925593264361717,0.9797717223619655,0.0,1.0,0.0,0.0,0.0,1.0,1.0,0.0,0.0,1.0,0.0,0.0,1.0,0.0,0
0.33402364471569723,-0.7125665752572653,2.0095079277547985,-0.5448116995677182,1.0312969531498501,-0.2510052358763013,1.0,0.0,1.0,0.0,0.0,0.0,0.0,1.0,0.0,0.0,1.0,0.0,0.0,1.0,0
1.6059995472906474,0.6710944465385873,0.8105630989774406,1.835496559257908,-1.0217972626751064,0.8850965717282526,0.0,1.0,1.0,0.0,0.0,0.0,0.0,0.0,1.0,0.0,1.0,0.0,1.0,0.0,1
0.9700115960031723,-0.1591021665389243,-0.13014745898633254,-0.5448116995677182,-0.983059635961428,-0.8190561396785782,0.0,1.0,0.0,0.0,1.0,0.0,0.0,0.0,1.0,0.0,1.0,0.0,1.0,0.0,1
-1.5739402091467278,-1.2660309839756063,0.6445553534544218,-0.5448116995677182,0.5277078058720306,-0.8190561396785782,0.0,1.0,1.0,0.0,0.0,0.0,0.0,1.0,0.0,1.0,0.0,0.0,1.0,0.0,1
-1.2559462335029903,1.5012910596160989,-1.8086702192746338,-0.5448116995677182,0.3727572990173169,-0.8190561396785782,0.0,1.0,0.0,0.0,1.0,0.0,0.0,1.0,0.0,1.0,0.0,0.0,0.0,1.0,0
-1.3619442253842362,-0.7125665752572653,0.9212349293261198,-0.5448116995677182,1.3024603401455992,-0.8190561396785782,0.0,1.0,0.0,1.0,0.0,0.0,0.0,1.0,0.0,1.0,0.0,0.0,0.0,1.0,0
0.546019628478189,2.4975269953091126,0.46010230287328985,-0.5448116995677182,0.3340196723036385,3.1573001869373605,0.0,1.0,0.0,0.0,0.0,1.0,1.0,0.0,0.0,1.0,0.0,1.0,0.0,0.0,0
-0.3019643065717778,-0.1591021665389243,-0.13014745898633254,1.835496559257908,1.3024603401455992,-1.4817821941145681,0.0,1.0,1.0,0.0,0.0,0.0,0.0,1.0,0.0,1.0,0.0,0.0,0.0,1.0,1
0.8640136041219264,0.28366936043574853,0.9027896242680067,1.835496559257908,-1.17674776952982,0.9797717223619655,1.0,0.0,1.0,0.0,0.0,0.0,0.0,1.0,0.0,1.0,0.0,0.0,1.0,0.0,1
-1.2559462335029903,-0.1591021665389243,-1.199975152356898,-0.5448116995677182,0.5277078058720306,-0.8190561396785782,0.0,1.0,0.0,0.0,1.0,0.0,0.0,1.0,0.0,1.0,0.0,0.0,0.0,1.0,0
-0.08996832280928611,0.39436224217941673,-0.7757331360202945,1.835496559257908,0.7213959394404228,2.1158735299665197,0.0,1.0,1.0,0.0,0.0,0.0,1.0,0.0,0.0,0.0,1.0,1.0,0.0,0.0,1
-1.3619442253842362,-0.1591021665389243,-1.3475375928218036,-0.5448116995677182,-0.24704472840153788,1.0744468729956784,0.0,1.0,1.0,0.0,0.0,0.0,0.0,0.0,1.0,1.0,0.0,0.0,1.0,0.0,1
0.4400216365969431,-1.8194953926939474,-0.5912800854391626,-0.5448116995677182,-1.0217972626751064,-0.8190561396785782,0.0,1.0,1.0,0.0,0.0,0.0,0.0,0.0,1.0,1.0,0.0,0.0,0.0,1.0,0
0.4400216365969431,-0.7125665752572653,0.7183365736868746,-0.5448116995677182,0.9150840730088149,0.8850965717282526,0.0,1.0,0.0,1.0,0.0,0.0,1.0,0.0,0.0,1.0,0.0,0.0,1.0,0.0,1
0.4400216365969431,-1.8194953926939474,-0.20392867921878532,-0.5448116995677182,0.7601335661541012,-0.7243809890448654,0.0,1.0,1.0,0.0,0.0,0.0,0.0,1.0,0.0,1.0,0.0,0.0,0.0,1.0,1
-0.4079622984530236,0.9478266508977577,-0.5543894753229361,-0.5448116995677182,0.14033153873524637,-0.8190561396785782,0.0,1.0,1.0,0.0,0.0,0.0,0.0,1.0,0.0,0.0,1.0,0.0,0.0,1.0,0
-0.08996832280928611,-0.49118081176992895,0.27564925229215786,-0.5448116995677182,-0.9443220092477496,2.0211983793328065,0.0,1.0,1.0,0.0,0.0,0.0,0.0,0.0,1.0,0.0,1.0,0.0,1.0,0.0,0
0.01602966907195973,0.9478266508977577,-0.24081928933501173,-0.5448116995677182,1.108772206577207,0.695746270460827,0.0,1.0,0.0,0.0,1.0,0.0,1.0,0.0,0.0,1.0,0.0,0.0,0.0,1.0,0
0.7580156122406806,0.39436224217941673,0.9765708445004594,1.835496559257908,-0.6344209955383221,-0.8190561396785782,1.0,0.0,0.0,1.0,0.0,0.0,0.0,1.0,0.0,0.0,1.0,0.0,0.0,1.0,0
0.01602966907195973,-0.1591021665389243,6.6023888872249845,1.835496559257908,-0.44073286196993,0.12769536665855005,0.0,1.0,1.0,0.0,0.0,0.0,0.0,1.0,0.0,0.0,1.0,0.0,1.0,0.0,1
0.01602966907195973,-1.2660309839756063,-0.7203972208459549,-0.5448116995677182,-1.0992725161024632,-0.8190561396785782,0.0,1.0,1.0,0.0,0.0,0.0,1.0,0.0,0.0,0.0,1.0,0.0,1.0,0.0,1
0.33402364471569723,2.608219877052781,1.880390792348006,-0.5448116995677182,-0.4019952352562516,-0.06165493460887556,1.0,0.0,1.0,0.0,0.0,0.0,0.0,0.0,1.0,0.0,1.0,0.0,1.0,0.0,0
-0.3019643065717778,-0.04840928479525609,-0.3330458146255777,1.835496559257908,0.06285628530788952,-0.6297058384111525,0.0,1.0,1.0,0.0,0.0,0.0,0.0,0.0,1.0,1.0,0.0,0.0,0.0,1.0,0
-0.4079622984530236,-1.2660309839756063,0.16497742194347867,-0.5448116995677182,0.8763464462951365,-0.8190561396785782,1.0,0.0,1.0,0.0,0.0,0.0,1.0,0.0,0.0,1.0,0.0,0.0,0.0,1.0,0
2.453983482340614,-0.43583437089809485,1.0872426748491386,-0.5448116995677182,0.9925593264361717,-0.8190561396785782,0.0,1.0,1.0,0.0,0.0,0.0,1.0,0.0,0.0,0.0,1.0,0.0,0.0,1.0,1
-0.831954265978007,-1.2660309839756063,-0.16703806910255892,-0.5448116995677182,-0.44073286196993,1.0744468729956784,0.0,1.0,1.0,0.0,0.0,0.0,0.0,1.0,0.0,0.0,1.0,0.0,1.0,0.0,1
0.7580156122406806,0.9478266508977577,-0.13014745898633254,-0.5448116995677182,-1.2154853962434986,-0.8190561396785782,0.0,1.0,1.0,0.0,0.0,0.0,0.0,1.0,0.0,0.0,1.0,0.0,1.0,0.0,1
0.546019628478189,2.2761412318217764,0.07275089665291266,-0.5448116995677182,0.25654441887628165,-0.8190561396785782,1.0,0.0,1.0,0.0,0.0,0.0,0.0,1.0,0.0,0.0,1.0,0.0,1.0,0.0,1
-0.831954265978007,-0.1591021665389243,-0.13014745898633254,-0.5448116995677182,-1.796549796948675,-0.8190561396785782,1.0,0.0,1.0,0.0,0.0,0.0,0.0,1.0,0.0,1.0,0.0,0.0,0.0,1.0,0
0.01602966907195973,-0.7125665752572653,-0.4437176449742569,-0.5448116995677182,0.06285628530788952,0.12769536665855005,1.0,0.0,0.0,1.0,0.0,0.0,0.0,1.0,0.0,1.0,0.0,0.0,0.0,1.0,0
1.2880055716469099,-1.2660309839756063,-0.5912800854391626,1.835496559257908,-1.4479111565255691,0.41172081855968856,0.0,1.0,0.0,0.0,1.0,0.0,1.0,0.0,0.0,0.0,1.0,0.0,1.0,0.0,0
-1.4679422172654821,0.9478266508977577,2.7104295199631,-0.5448116995677182,-0.24704472840153788,1.0744468729956784,1.0,0.0,1.0,0.0,0.0,0.0,0.0,1.0,0.0,1.0,0.0,0.0,1.0,0.0,1
0.01602966907195973,-0.43583437089809485,-0.3883817297999173,-0.5448116995677182,-0.5569457421109653,1.0744468729956784,0.0,1.0,1.0,0.0,0.0,0.0,0.0,1.0,0.0,1.0,0.0,0.0,1.0,0.0,1
0.4400216365969431,0.9478266508977577,0.46010230287328985,-0.5448116995677182,-0.983059635961428,-0.06165493460887556,0.0,1.0,1.0,0.0,0.0,0.0,1.0,0.0,0.0,0.0,1.0,0.0,0.0,1.0,1
-1.7859361929092195,-0.1591021665389243,-1.3290922877636906,-0.5448116995677182,1.844787114137097,-0.8190561396785782,1.0,0.0,1.0,0.0,0.0,0.0,0.0,0.0,1.0,1.0,0.0,0.0,0.0,1.0,0
-0.19596631469053194,0.39436224217941673,0.25720394723404466,-0.5448116995677182,1.3024603401455992,-0.8190561396785782,0.0,1.0,0.0,0.0,1.0,0.0,0.0,0.0,1.0,1.0,0.0,0.0,0.0,1.0,0
0.12202766095320557,0.17297647869208033,-0.31460050956746455,-0.5448116995677182,-0.4794704886836084,0.695746270460827,0.0,1.0,0.0,0.0,1.0,0.0,0.0,0.0,1.0,0.0,1.0,0.0,1.0,0.0,1
-0.3019643065717778,-0.1591021665389243,-0.13014745898633254,1.835496559257908,1.0312969531498501,-0.8190561396785782,0.0,1.0,1.0,0.0,0.0,0.0,0.0,0.0,1.0,1.0,0.0,0.0,1.0,0.0,1
-1.3619442253842362,-1.542763188334777,-0.8679596613108606,-0.5448116995677182,1.2249850867182424,-0.8190561396785782,1.0,0.0,0.0,1.0,0.0,0.0,0.0,1.0,0.0,1.0,0.0,0.0,0.0,1.0,0
0.4400216365969431,-0.2697950482825925,-0.5359441702648229,-0.5448116995677182,-0.20830710168785946,1.2637971742631042,0.0,1.0,1.0,0.0,0.0,0.0,1.0,0.0,0.0,0.0,1.0,0.0,1.0,0.0,1
-0.19596631469053194,1.5012910596160989,1.585265911418195,-0.5448116995677182,-1.641599290093961,1.5478226261642425,0.0,1.0,1.0,0.0,0.0,0.0,0.0,1.0,0.0,0.0,1.0,0.0,1.0,0.0,1
-1.3619442253842362,-1.1553381022319382,0.09119620171102587,-0.5448116995677182,0.2178067921626032,-0.8190561396785782,0.0,1.0,1.0,0.0,0.0,0.0,0.0,1.0,0.0,1.0,0.0,0.0,0.0,1.0,0
-0.4079622984530236,0.6157480056667531,-0.8310690511946341,-0.5448116995677182,-0.4019952352562516,0.033020216024837235,0.0,1.0,1.0,0.0,0.0,0.0,1.0,0.0,0.0,0.0,1.0,0.0,1.0,0.0,1
-1.1499482416217446,-0.7125665752572653,0.38632108264083703,-0.5448116995677182,-0.7118962489656789,-0.8190561396785782,1.0,0.0,0.0,1.0,0.0,0.0,0.0,1.0,0.0,1.0,0.0,0.0,0.0,1.0,0
-0.4079622984530236,0.006937156076578015,-0.49905356014859653,-0.5448116995677182,-0.32451998182889474,0.22237051729226295,0.0,1.0,1.0,0.0,0.0,0.0,0.0,1.0,0.0,0.0,1.0,0.0,1.0,0.0,1
1.817995531053139,0.6157480056667531,-0.4437176449742569,-0.5448116995677182,-1.0992725161024632,0.8850965717282526,0.0,1.0,0.0,0.0,1.0,0.0,0.0,1.0,0.0,0.0,1.0,0.0,1.0,0.0,1
0.8640136041219264,0.39436224217941673,0.47854760793140305,-0.5448116995677182,0.6051830592993874,0.12769536665855005,0.0,1.0,0.0,1.0,0.0,0.0,0.0,1.0,0.0,1.0,0.0,0.0,0.0,1.0,0
0.12202766095320557,2.165448350078108,0.27564925229215786,-0.5448116995677182,-2.455089451081208,1.0744468729956784,0.0,1.0,1.0,0.0,0.0,0.0,0.0,1.0,0.0,1.0,0.0,0.0,1.0,0.0,1
0.6520176203594348,0.44970868305125083,1.308586335546497,1.835496559257908,-0.5569457421109653,0.7904214210945397,0.0,1.0,0.0,0.0,1.0,0.0,0.0,0.0,1.0,0.0,1.0,0.0,1.0,0.0,1
0.6520176203594348,1.3905981778724306,1.1056879799072519,-0.5448116995677182,0.9538216997224933,-0.8190561396785782,1.0,0.0,1.0,0.0,0.0,0.0,1.0,0.0,0.0,1.0,0.0,0.0,0.0,1.0,1
1.2880055716469099,0.9478266508977577,-0.3514911196836909,-0.5448116995677182,-0.8668467558203927,1.6424977767979554,1.0,0.0,0.0,0.0,0.0,1.0,0.0,1.0,0.0,1.0,0.0,1.0,0.0,0.0,0
-0.3019643065717778,0.39436224217941673,0.9950161495585726,-0.5448116995677182,1.4186732202866343,0.695746270460827,0.0,1.0,1.0,0.0,0.0,0.0,0.0,1.0,0.0,0.0,1.0,0.0,0.0,1.0,1
0.6520176203594348,0.39436224217941673,0.8843443192098934,-0.5448116995677182,1.3024603401455992,0.31704566792597566,0.0,1.0,1.0,0.0,0.0,0.0,1.0,0.0,0.0,1.0,0.0,0.0,1.0,0.0,1
-1.1499482416217446,-0.7125665752572653,-0.5543894753229361,-0.5448116995677182,1.4961484737139912,-0.8190561396785782,1.0,0.0,0.0,1.0,0.0,0.0,0.0,0.0,1.0,1.0,0.0,0.0,0.0,1.0,0
0.546019628478189,0.39436224217941673,0.7736724888612142,-0.5448116995677182,0.5277078058720306,-0.8190561396785782,0.0,1.0,0.0,1.0,0.0,0.0,0.0,1.0,0.0,1.0,0.0,0.0,0.0,1.0,0
0.01602966907195973,0.39436224217941673,-0.11170215392821933,-0.5448116995677182,0.9150840730088149,0.31704566792597566,0.0,1.0,1.0,0.0,0.0,0.0,0.0,1.0,0.0,1.0,0.0,0.0,0.0,1.0,0
0.546019628478189,-0.43583437089809485,-0.13014745898633254,1.835496559257908,-0.6731586222520005,0.033020216024837235,0.0,1.0,1.0,0.0,0.0,0.0,0.0,1.0,0.0,0.0,1.0,0.0,0.0,1.0,1
0.22802565283445142,0.062283596948412116,3.0239997059510246,-0.5448116995677182,0.5277078058720306,0.9797717223619655,1.0,0.0,1.0,0.0,0.0,0.0,1.0,0.0,0.0,0.0,1.0,0.0,1.0,0.0,1
-0.9379522578592528,0.5050551239230849,1.1794692001397047,-0.5448116995677182,0.41149492573099533,-0.8190561396785782,0.0,1.0,1.0,0.0,0.0,0.0,1.0,0.0,0.0,0.0,1.0,0.0,1.0,0.0,1
0.12202766095320557,0.39436224217941673,-0.9048502714270868,-0.5448116995677182,0.5277078058720306,-0.8190561396785782,0.0,1.0,0.0,1.0,0.0,0.0,0.0,1.0,0.0,1.0,0.0,0.0,0.0,1.0,0
-0.19596631469053194,1.058519532641426,0.9765708445004594,1.835496559257908,1.6123613538550265,0.31704566792597566,0.0,1.0,0.0,0.0,0.0,1.0,0.0,1.0,0.0,1.0,0.0,0.0,1.0,0.0,0
-1.7859361929092195,0.39436224217941673,-0.7019519157878417,-0.5448116995677182,-0.24704472840153788,0.6010711198271141,0.0,1.0,1.0,0.0,0.0,0.0,0.0,1.0,0.0,0.0,1.0,0.0,1.0,0.0,1
0.546019628478189,-0.1591021665389243,1.3454769456627234,-0.5448116995677182,-0.6344209955383221,0.12769536665855005,0.0,1.0,0.0,0.0,1.0,0.0,0.0,1.0,0.0,0.0,1.0,0.0,1.0,0.0,0
0.12202766095320557,1.3905981778724306,-0.5174988652067097,-0.5448116995677182,-1.0217972626751064,1.5478226261642425,0.0,1.0,1.0,0.0,0.0,0.0,0.0,1.0,0.0,0.0,1.0,0.0,1.0,0.0,1
0.22802565283445142,0.9478266508977577,-0.5912800854391626,1.835496559257908,-0.44073286196993,0.12769536665855005,0.0,1.0,1.0,0.0,0.0,0.0,0.0,1.0,0.0,0.0,1.0,0.0,1.0,0.0,1
0.8640136041219264,0.39436224217941673,-0.13014745898633254,1.835496559257908,0.25654441887628165,-0.8190561396785782,1.0,0.0,0.0,0.0,0.0,1.0,0.0,1.0,0.0,1.0,0.0,0.0,1.0,0.0,1
-0.9379522578592528,2.608219877052781,0.9212349293261198,-0.5448116995677182,1.6898366072823834,-0.8190561396785782,1.0,0.0,0.0,1.0,0.0,0.0,0.0,1.0,0.0,1.0,0.0,0.0,0.0,1.0,0
1.2880055716469099,1.2245588552569282,-0.13014745898633254,1.835496559257908,-1.796549796948675,-0.8190561396785782,1.0,0.0,1.0,0.0,0.0,0.0,0.0,1.0,0.0,1.0,0.0,0.0,1.0,0.0,1
-0.19596631469053194,0.11763003782024622,-0.13014745898633254,1.835496559257908,-0.32451998182889474,1.0744468729956784,0.0,1.0,1.0,0.0,0.0,0.0,0.0,1.0,0.0,0.0,1.0,0.0,1.0,0.0,1
0.22802565283445142,-0.7125665752572653,-0.09325684887010613,-0.5448116995677182,1.2637227134319207,-0.8190561396785782,0.0,1.0,0.0,1.0,0.0,0.0,0.0,1.0,0.0,1.0,0.0,1.0,0.0,0.0,0
0.9700115960031723,-0.1591021665389243,-0.13014745898633254,1.835496559257908,0.9150840730088149,2.0211983793328065,0.0,1.0,0.0,0.0,1.0,0.0,0.0,0.0,1.0,1.0,0.0,0.0,1.0,0.0,0
-0.831954265978007,-1.8194953926939474,-0.13014745898633254,1.835496559257908,-0.13083184826050262,-3.2806100561551115,0.0,1.0,1.0,0.0,0.0,0.0,0.0,0.0,1.0,1.0,0.0,0.0,1.0,0.0,1
-0.3019643065717778,-2.151574037924952,-0.3330458146255777,-0.5448116995677182,0.6826583127267444,-0.8190561396785782,0.0,1.0,0.0,0.0,1.0,0.0,0.0,1.0,0.0,0.0,1.0,0.0,0.0,1.0,0
1.7119975391718931,1.5012910596160989,0.44165699781517664,-0.5448116995677182,-0.9443220092477496,1.9265232286990936,0.0,1.0,0.0,0.0,1.0,0.0,0.0,1.0,0.0,0.0,1.0,0.0,1.0,0.0,1
0.12202766095320557,0.5050551239230849,-0.31460050956746455,-0.5448116995677182,0.4889701791583522,1.5478226261642425,0.0,1.0,1.0,0.0,0.0,0.0,0.0,0.0,1.0,0.0,1.0,0.0,0.0,1.0,1
-1.5739402091467278,-0.7125665752572653,-0.8310690511946341,-0.5448116995677182,0.9150840730088149,0.12769536665855005,0.0,1.0,0.0,1.0,0.0,0.0,0.0,1.0,0.0,0.0,1.0,0.0,1.0,0.0,0
2.1359895066968764,0.39436224217941673,-0.14859276404444574,1.835496559257908,-1.641599290093961,-0.8190561396785782,0.0,1.0,0.0,0.0,1.0,0.0,0.0,1.0,0.0,1.0,0.0,0.0,1.0,0.0,1
-0.7259562740967611,0.39436224217941673,0.570774133221969,1.835496559257908,-0.44073286196993,-0.8190561396785782,0.0,1.0,1.0,0.0,0.0,0.0,0.0,1.0,0.0,0.0,1.0,0.0,0.0,1.0,0
-0.3019643065717778,-0.43583437089809485,-0.001030323579540133,1.835496559257908,1.1475098332908855,1.4531474755305296,0.0,1.0,0.0,0.0,1.0,0.0,1.0,0.0,0.0,1.0,0.0,0.0,1.0,0.0,0
-0.7259562740967611,1.5012910596160989,0.3309851674664975,-0.5448116995677182,1.4574108470003129,-0.8190561396785782,0.0,1.0,0.0,1.0,0.0,0.0,0.0,1.0,0.0,1.0,0.0,0.0,0.0,1.0,0
-1.9979321766717113,0.9478266508977577,0.3494304725246107,-0.5448116995677182,1.2249850867182424,-0.8190561396785782,0.0,1.0,0.0,1.0,0.0,0.0,0.0,1.0,0.0,1.0,0.0,0.0,0.0,1.0,0
-0.9379522578592528,-0.1591021665389243,-0.4806082550904833,-0.5448116995677182,-0.24704472840153788,0.12769536665855005,0.0,1.0,1.0,0.0,0.0,0.0,0.0,0.0,1.0,0.0,1.0,0.0,1.0,0.0,1
0.8640136041219264,1.3905981778724306,-1.3844282029380302,-0.5448116995677182,0.06285628530788952,-0.8190561396785782,0.0,1.0,1.0,0.0,0.0,0.0,0.0,0.0,1.0,0.0,1.0,0.0,1.0,0.0,1
-1.3619442253842362,-1.2660309839756063,-1.3475375928218036,-0.5448116995677182,0.837608819581458,-0.8190561396785782,0.0,1.0,1.0,0.0,0.0,0.0,1.0,0.0,0.0,1.0,0.0,0.0,0.0,1.0,1
-1.3619442253842362,-0.7125665752572653,1.677492436708761,-0.5448116995677182,-0.7118962489656789,2.0211983793328065,0.0,1.0,1.0,0.0,0.0,0.0,0.0,1.0,0.0,0.0,1.0,0.0,1.0,0.0,1
-0.5139602903342695,0.39436224217941673,-1.1077486270663321,-0.5448116995677182,-0.24704472840153788,-0.8190561396785782,0.0,1.0,1.0,0.0,0.0,0.0,0.0,1.0,0.0,1.0,0.0,0.0,0.0,1.0,0
0.22802565283445142,-0.04840928479525609,-1.1261939321244454,-0.5448116995677182,-1.2154853962434986,1.1691220236293913,0.0,1.0,1.0,0.0,0.0,0.0,1.0,0.0,0.0,0.0,1.0,0.0,1.0,0.0,1
0.9700115960031723,-0.49118081176992895,-0.8864049663689737,-0.5448116995677182,-0.014618968119467331,-0.8190561396785782,1.0,0.0,1.0,0.0,0.0,0.0,0.0,1.0,0.0,0.0,1.0,0.0,1.0,0.0,1
0.8640136041219264,-0.7125665752572653,0.16497742194347867,-0.5448116995677182,-1.6803369168076396,-0.8190561396785782,0.0,1.0,0.0,1.0,0.0,0.0,1.0,0.0,0.0,0.0,1.0,0.0,1.0,0.0,1
-0.08996832280928611,1.5012910596160989,-0.13014745898633254,1.835496559257908,-0.5569457421109653,-0.8190561396785782,0.0,1.0,0.0,0.0,1.0,0.0,1.0,0.0,0.0,0.0,1.0,0.0,1.0,0.0,1
-1.4679422172654821,-1.2660309839756063,-1.4397641181123697,-0.5448116995677182,-0.8668467558203927,1.0744468729956784,0.0,1.0,1.0,0.0,0.0,0.0,1.0,0.0,0.0,0.0,1.0,0.0,1.0,0.0,1
0.8640136041219264,0.9478266508977577,-0.01947562863765333,-0.5448116995677182,0.6826583127267444,0.5063959691934012,1.0,0.0,1.0,0.0,0.0,0.0,0.0,1.0,0.0,0.0,1.0,0.0,1.0,0.0,1
1.2880055716469099,-1.1553381022319382,0.29409455735027107,-0.5448116995677182,0.14033153873524637,0.6010711198271141,0.0,1.0,1.0,0.0,0.0,0.0,0.0,1.0,0.0,1.0,0.0,0.0,0.0,1.0,1
0.01602966907195973,0.006937156076578015,-0.7757331360202945,-0.5448116995677182,0.024118658594211095,-0.6297058384111525,0.0,1.0,0.0,0.0,1.0,0.0,0.0,0.0,1.0,1.0,0.0,0.0,0.0,1.0,0
1.2880055716469099,-0.7125665752572653,1.0503520647329123,-0.5448116995677182,0.566445432585709,-0.4403555371437269,0.0,1.0,1.0,0.0,0.0,0.0,1.0,0.0,0.0,1.0,0.0,0.0,1.0,0.0,0
0.8640136041219264,-0.7125665752572653,-0.13014745898633254,1.835496559257908,-0.09209422154682419,-1.576457344748281,0.0,1.0,0.0,0.0,0.0,1.0,1.0,0.0,0.0,1.0,0.0,0.0,1.0,0.0,1
-0.831954265978007,-1.2660309839756063,-0.13014745898633254,-0.5448116995677182,0.14033153873524637,0.12769536665855005,0.0,1.0,1.0,0.0,0.0,0.0,0.0,0.0,1.0,0.0,1.0,0.0,1.0,0.0,0
0.6520176203594348,0.39436224217941673,0.6630006585125351,-0.5448116995677182,-0.7118962489656789,0.6010711198271141,0.0,1.0,1.0,0.0,0.0,0.0,0.0,0.0,1.0,0.0,1.0,0.0,1.0,0.0,1
0.12202766095320557,-0.7125665752572653,-0.3514911196836909,-0.5448116995677182,-0.36325760854257316,0.7904214210945397,0.0,1.0,1.0,0.0,0.0,0.0,1.0,0.0,0.0,0.0,1.0,1.0,0.0,0.0,1
0.33402364471569723,-0.1591021665389243,-0.16703806910255892,-0.5448116995677182,1.4574108470003129,-0.8190561396785782,1.0,0.0,0.0,1.0,0.0,0.0,1.0,0.0,0.0,1.0,0.0,0.0,1.0,0.0,1
-0.08996832280928611,-0.7125665752572653,0.017414981478573066,-0.5448116995677182,-0.7893715023930359,-0.8190561396785782,0.0,1.0,1.0,0.0,0.0,0.0,0.0,1.0,0.0,0.0,1.0,0.0,1.0,0.0,1
-0.6199582822155153,-1.2660309839756063,-0.29615520450935134,-0.5448116995677182,1.2249850867182424,0.12769536665855005,0.0,1.0,0.0,1.0,0.0,0.0,0.0,1.0,0.0,1.0,0.0,1.0,0.0,0.0,1
-0.5139602903342695,-0.49118081176992895,-0.8126237461365209,-0.5448116995677182,1.0700345798635287,-0.8190561396785782,1.0,0.0,0.0,1.0,0.0,0.0,0.0,1.0,0.0,1.0,0.0,0.0,0.0,1.0,0
-1.1499482416217446,0.9478266508977577,0.16497742194347867,-0.5448116995677182,1.4961484737139912,-0.8190561396785782,1.0,0.0,0.0,0.0,1.0,0.0,0.0,1.0,0.0,1.0,0.0,0.0,0.0,1.0,0
1.3940035635281556,0.5050551239230849,0.46010230287328985,1.835496559257908,-0.44073286196993,1.5478226261642425,0.0,1.0,0.0,0.0,0.0,1.0,0.0,1.0,0.0,1.0,0.0,0.0,0.0,1.0,1
-1.0439502497404987,0.9478266508977577,0.7921177939193275,-0.5448116995677182,0.5277078058720306,2.0211983793328065,0.0,1.0,0.0,1.0,0.0,0.0,0.0,1.0,0.0,0.0,1.0,0.0,1.0,0.0,1
-0.6199582822155153,-0.1591021665389243,0.5523288281638559,-0.5448116995677182,0.10159391202156795,-0.6297058384111525,1.0,0.0,0.0,0.0,1.0,0.0,0.0,1.0,0.0,1.0,0.0,0.0,0.0,1.0,0
2.347985490459368,0.39436224217941673,-0.8864049663689737,-0.5448116995677182,-0.7893715023930359,0.22237051729226295,1.0,0.0,0.0,0.0,1.0,0.0,0.0,0.0,1.0,1.0,0.0,0.0,1.0,0.0,0
-1.7859361929092195,-0.1591021665389243,1.2901410304883838,-0.5448116995677182,0.837608819581458,-0.8190561396785782,0.0,1.0,1.0,0.0,0.0,0.0,0.0,1.0,0.0,1.0,0.0,0.0,0.0,1.0,0
0.8640136041219264,-0.9892987796164359,-0.13014745898633254,1.835496559257908,-0.32451998182889474,1.5478226261642425,0.0,1.0,1.0,0.0,0.0,0.0,0.0,1.0,0.0,0.0,1.0,1.0,0.0,0.0,1
-0.9379522578592528,-0.04840928479525609,0.9581255394423462,-0.5448116995677182,0.2952820455899601,-0.8190561396785782,1.0,0.0,1.0,0.0,0.0,0.0,0.0,1.0,0.0,1.0,0.0,0.0,0.0,1.0,0
-0.6199582822155153,-0.04840928479525609,0.49699291298951626,-0.5448116995677182,0.10159391202156795,-0.6297058384111525,0.0,1.0,1.0,0.0,0.0,0.0,0.0,0.0,1.0,1.0,0.0,0.0,0.0,1.0,0
0.9700115960031723,-1.3767238657192746,0.44165699781517664,-0.5448116995677182,1.2637227134319207,0.8850965717282526,1.0,0.0,1.0,0.0,0.0,0.0,0.0,1.0,0.0,0.0,1.0,0.0,1.0,0.0,1
-1.9979321766717113,-0.7125665752572653,1.1610238950815914,-0.5448116995677182,1.6898366072823834,-0.8190561396785782,0.0,1.0,0.0,1.0,0.0,0.0,1.0,0.0,0.0,1.0,0.0,0.0,0.0,1.0,0
-2.315926152315449,-0.8232594570009335,5.237436312924608,-0.5448116995677182,-0.24704472840153788,-0.8190561396785782,0.0,1.0,1.0,0.0,0.0,0.0,0.0,1.0,0.0,1.0,0.0,0.0,1.0,0.0,1
0.6520176203594348,2.608219877052781,-0.13014745898633254,-0.5448116995677182,0.14033153873524637,0.6010711198271141,0.0,1.0,0.0,0.0,1.0,0.0,0.0,0.0,1.0,0.0,1.0,0.0,1.0,0.0,0
1.076009587884418,0.5050551239230849,0.570774133221969,-0.5448116995677182,0.14033153873524637,0.12769536665855005,1.0,0.0,1.0,0.0,0.0,0.0,0.0,1.0,0.0,0.0,1.0,0.0,1.0,0.0,1
-1.1499482416217446,-0.7125665752572653,0.847453709093667,-0.5448116995677182,0.7213959394404228,-0.8190561396785782,0.0,1.0,0.0,0.0,0.0,1.0,0.0,0.0,1.0,1.0,0.0,0.0,1.0,0.0,1
-1.6799382010279738,-0.7125665752572653,0.6814459635706482,-0.5448116995677182,1.3024603401455992,-0.8190561396785782,0.0,1.0,1.0,0.0,0.0,0.0,0.0,1.0,0.0,1.0,0.0,0.0,1.0,0.0,1
0.4400216365969431,-0.1591021665389243,-0.8864049663689737,-0.5448116995677182,-0.20830710168785946,-0.2510052358763013,1.0,0.0,1.0,0.0,0.0,0.0,0.0,1.0,0.0,1.0,0.0,0.0,1.0,0.0,0
0.546019628478189,2.608219877052781,-0.5912800854391626,-0.5448116995677182,-1.4091735298118906,-0.8190561396785782,0.0,1.0,0.0,0.0,1.0,0.0,0.0,1.0,0.0,1.0,0.0,0.0,0.0,1.0,0
-0.5139602903342695,-0.1037557256670902,-1.9008967445651996,-0.5448116995677182,-0.36325760854257316,0.6010711198271141,0.0,1.0,0.0,0.0,1.0,0.0,0.0,1.0,0.0,0.0,1.0,0.0,1.0,0.0,1
-1.2559462335029903,0.062283596948412116,-0.09325684887010613,-0.5448116995677182,0.9150840730088149,-0.8190561396785782,0.0,1.0,0.0,0.0,1.0,0.0,0.0,1.0,0.0,1.0,0.0,0.0,0.0,1.0,0
-0.08996832280928611,-1.0999916613601042,4.112272704379703,-0.5448116995677182,-0.36325760854257316,-0.8190561396785782,1.0,0.0,0.0,1.0,0.0,0.0,0.0,1.0,0.0,1.0,0.0,0.0,0.0,1.0,0
1.7119975391718931,-0.9892987796164359,-0.13014745898633254,-0.5448116995677182,-1.719074543521318,-0.8190561396785782,0.0,1.0,1.0,0.0,0.0,0.0,0.0,0.0,1.0,0.0,1.0,0.0,1.0,0.0,1
0.33402364471569723,-1.2660309839756063,-0.8126237461365209,-0.5448116995677182,-0.4019952352562516,0.6010711198271141,0.0,1.0,1.0,0.0,0.0,0.0,0.0,1.0,0.0,0.0,1.0,0.0,1.0,0.0,0
2.2419874985781223,2.05475546833444,-0.7757331360202945,1.835496559257908,-1.0992725161024632,-0.8190561396785782,0.0,1.0,1.0,0.0,0.0,0.0,0.0,0.0,1.0,1.0,0.0,0.0,1.0,0.0,1
0.22802565283445142,0.22832291956391443,-0.6835066107297285,1.835496559257908,-0.5569457421109653,0.8850965717282526,0.0,1.0,0.0,0.0,1.0,0.0,0.0,0.0,1.0,0.0,1.0,0.0,1.0,0.0,1
0.12202766095320557,0.11763003782024622,0.09119620171102587,-0.5448116995677182,0.9538216997224933,0.5063959691934012,1.0,0.0,0.0,1.0,0.0,0.0,1.0,0.0,0.0,1.0,0.0,0.0,1.0,0.0,0
1.076009587884418,-2.096227597053118,-0.13014745898633254,1.835496559257908,0.3340196723036385,0.22237051729226295,1.0,0.0,1.0,0.0,0.0,0.0,0.0,1.0,0.0,1.0,0.0,1.0,0.0,0.0,1
-1.0439502497404987,-0.1591021665389243,-0.5543894753229361,-0.5448116995677182,-0.053356594833145754,-0.8190561396785782,0.0,1.0,0.0,1.0,0.0,0.0,0.0,1.0,0.0,1.0,0.0,0.0,0.0,1.0,0
0.546019628478189,0.39436224217941673,0.5338835231057426,-0.5448116995677182,0.6826583127267444,1.0744468729956784,0.0,1.0,1.0,0.0,0.0,0.0,0.0,1.0,0.0,0.0,1.0,0.0,1.0,0.0,0
-0.4079622984530236,0.39436224217941673,0.7921177939193275,-0.5448116995677182,0.14033153873524637,-0.8190561396785782,1.0,0.0,0.0,0.0,1.0,0.0,0.0,1.0,0.0,0.0,1.0,0.0,1.0,0.0,1
0.12202766095320557,0.39436224217941673,-0.29615520450935134,-0.5448116995677182,-1.0217972626751064,-0.3456803865100141,0.0,1.0,1.0,0.0,0.0,0.0,0.0,1.0,0.0,0.0,1.0,0.0,1.0,0.0,0
0.6520176203594348,0.11763003782024622,-0.13014745898633254,-0.5448116995677182,-2.8424657182179924,-0.3456803865100141,0.0,1.0,1.0,0.0,0.0,0.0,0.0,1.0,0.0,0.0,1.0,0.0,0.0,1.0,1
2.2419874985781223,1.5012910596160989,1.1979145051978177,1.835496559257908,-0.9443220092477496,1.0744468729956784,0.0,1.0,1.0,0.0,0.0,0.0,0.0,1.0,0.0,0.0,1.0,1.0,0.0,0.0,0
0.01602966907195973,3.715148694489463,-0.8679596613108606,-0.5448116995677182,0.2178067921626032,1.0744468729956784,0.0,1.0,1.0,0.0,0.0,0.0,0.0,1.0,0.0,0.0,1.0,0.0,1.0,0.0,1
0.7580156122406806,0.44970868305125083,0.8658990141517803,-0.5448116995677182,-0.8281091291067143,0.7904214210945397,0.0,1.0,1.0,0.0,0.0,0.0,0.0,0.0,1.0,0.0,1.0,0.0,1.0,0.0,1
0.22802565283445142,2.05475546833444,-0.13014745898633254,-0.5448116995677182,-0.5182081153972868,1.5478226261642425,0.0,1.0,0.0,0.0,1.0,0.0,1.0,0.0,0.0,0.0,1.0,0.0,1.0,0.0,1
1.076009587884418,-1.2660309839756063,-0.13014745898633254,1.835496559257908,-0.8668467558203927,0.41172081855968856,0.0,1.0,1.0,0.0,0.0,0.0,0.0,1.0,0.0,0.0,1.0,1.0,0.0,0.0,1
0.4400216365969431,-0.43583437089809485,-0.4621629500323701,-0.5448116995677182,0.2952820455899601,-0.4403555371437269,0.0,1.0,0.0,1.0,0.0,0.0,0.0,1.0,0.0,1.0,0.0,0.0,1.0,0.0,0
1.076009587884418,-0.7125665752572653,-0.13014745898633254,1.835496559257908,-1.17674776952982,1.0744468729956784,0.0,1.0,1.0,0.0,0.0,0.0,0.0,0.0,1.0,1.0,0.0,0.0,1.0,0.0,1
-0.6199582822155153,-1.8194953926939474,-1.5873265585772753,-0.5448116995677182,-1.4091735298118906,-0.8190561396785782,0.0,1.0,0.0,1.0,0.0,0.0,0.0,1.0,0.0,1.0,0.0,0.0,0.0,1.0,0
-1.6799382010279738,-1.8194953926939474,-0.13014745898633254,-0.5448116995677182,1.6510989805687049,-1.8604827966494193,0.0,1.0,0.0,0.0,1.0,0.0,0.0,1.0,0.0,1.0,0.0,0.0,0.0,1.0,0
-1.1499482416217446,0.39436224217941673,0.7921177939193275,-0.5448116995677182,-0.053356594833145754,1.0744468729956784,0.0,1.0,1.0,0.0,0.0,0.0,0.0,1.0,0.0,0.0,1.0,0.0,1.0,0.0,1
-0.9379522578592528,-0.9892987796164359,0.27564925229215786,-0.5448116995677182,1.8835247408507756,-0.8190561396785782,0.0,1.0,1.0,0.0,0.0,0.0,1.0,0.0,0.0,1.0,0.0,0.0,0.0,1.0,0
-1.8919341847904654,-1.1553381022319382,1.7512736569412137,-0.5448116995677182,1.844787114137097,0.12769536665855005,0.0,1.0,0.0,0.0,1.0,0.0,0.0,1.0,0.0,1.0,0.0,0.0,1.0,0.0,0
-0.3019643065717778,0.39436224217941673,0.29409455735027107,-0.5448116995677182,1.922262367564454,-0.8190561396785782,0.0,1.0,1.0,0.0,0.0,0.0,1.0,0.0,0.0,0.0,1.0,0.0,0.0,1.0,0
-2.209928160434203,-1.8194953926939474,0.017414981478573066,-0.5448116995677182,0.5277078058720306,0.12769536665855005,1.0,0.0,1.0,0.0,0.0,0.0,0.0,1.0,0.0,0.0,1.0,0.0,1.0,0.0,1
-2.103930168552957,-0.8232594570009335,-1.1630845422406717,-0.5448116995677182,1.4574108470003129,-0.8190561396785782,0.0,1.0,0.0,0.0,0.0,1.0,1.0,0.0,0.0,1.0,0.0,0.0,0.0,1.0,0
1.076009587884418,0.39436224217941673,1.2532504203721575,-0.5448116995677182,-0.13083184826050262,-0.6297058384111525,1.0,0.0,0.0,0.0,1.0,0.0,0.0,1.0,0.0,1.0,0.0,0.0,0.0,1.0,0
-1.6799382010279738,0.11763003782024622,-0.13014745898633254,1.835496559257908,0.5277078058720306,-0.8190561396785782,0.0,1.0,1.0,0.0,0.0,0.0,0.0,1.0,0.0,1.0,0.0,0.0,1.0,0.0,1
0.01602966907195973,1.5012910596160989,-0.8126237461365209,-0.5448116995677182,1.0312969531498501,-0.8190561396785782,1.0,0.0,0.0,0.0,1.0,0.0,0.0,1.0,0.0,1.0,0.0,0.0,0.0,1.0,0
0.546019628478189,0.39436224217941673,-1.4028735079961432,-0.5448116995677182,0.14033153873524637,-0.8190561396785782,0.0,1.0,1.0,0.0,0.0,0.0,0.0,1.0,0.0,1.0,0.0,0.0,0.0,1.0,0
-0.831954265978007,0.9478266508977577,-0.25926459439312494,-0.5448116995677182,0.41149492573099533,2.5892492831350835,0.0,1.0,0.0,0.0,1.0,0.0,0.0,1.0,0.0,1.0,0.0,0.0,1.0,0.0,1
0.6520176203594348,0.39436224217941673,-1.1077486270663321,-0.5448116995677182,0.7213959394404228,2.0211983793328065,0.0,1.0,0.0,0.0,1.0,0.0,1.0,0.0,0.0,1.0,0.0,0.0,1.0,0.0,1
0.546019628478189,-0.49118081176992895,-1.568881253519162,-0.5448116995677182,-0.7506338756793575,0.12769536665855005,0.0,1.0,1.0,0.0,0.0,0.0,0.0,1.0,0.0,0.0,1.0,0.0,1.0,0.0,1
-1.6799382010279738,0.9478266508977577,-0.13014745898633254,1.835496559257908,-0.6344209955383221,-0.15633008524258848,0.0,1.0,1.0,0.0,0.0,0.0,0.0,1.0,0.0,0.0,1.0,0.0,1.0,0.0,1
0.33402364471569723,1.7780232639752693,0.8105630989774406,1.835496559257908,-0.4794704886836084,0.12769536665855005,0.0,1.0,1.0,0.0,0.0,0.0,1.0,0.0,0.0,1.0,0.0,0.0,1.0,0.0,1
0.12202766095320557,0.39436224217941673,0.9212349293261198,-0.5448116995677182,-0.014618968119467331,-0.8190561396785782,0.0,1.0,0.0,0.0,0.0,1.0,0.0,1.0,0.0,1.0,0.0,0.0,1.0,0.0,1
-1.6799382010279738,-1.542763188334777,-0.13014745898633254,1.835496559257908,1.1475098332908855,1.8318480780653807,1.0,0.0,1.0,0.0,0.0,0.0,0.0,1.0,0.0,1.0,0.0,0.0,0.0,1.0,1
-0.7259562740967611,1.5012910596160989,0.847453709093667,-0.5448116995677182,0.837608819581458,2.0211983793328065,0.0,1.0,1.0,0.0,0.0,0.0,0.0,0.0,1.0,0.0,1.0,0.0,1.0,0.0,1
0.01602966907195973,-0.1591021665389243,0.9027896242680067,-0.5448116995677182,-1.4091735298118906,-0.8190561396785782,1.0,0.0,0.0,0.0,1.0,0.0,0.0,0.0,1.0,0.0,1.0,0.0,1.0,0.0,1
0.9700115960031723,-0.1591021665389243,1.5668206063600818,1.835496559257908,-0.16956947497418104,0.8850965717282526,0.0,1.0,1.0,0.0,0.0,0.0,1.0,0.0,0.0,0.0,1.0,0.0,0.0,1.0,1
-0.19596631469053194,0.39436224217941673,-2.675599557005954,-0.5448116995677182,0.06285628530788952,-0.8190561396785782,0.0,1.0,0.0,1.0,0.0,0.0,0.0,1.0,0.0,0.0,1.0,0.0,0.0,1.0,0
-0.19596631469053194,-0.7125665752572653,-1.1630845422406717,-0.5448116995677182,0.5277078058720306,-0.8190561396785782,0.0,1.0,1.0,0.0,0.0,0.0,0.0,1.0,0.0,1.0,0.0,0.0,1.0,0.0,1
1.076009587884418,0.5604015647949191,1.1241332849653651,1.835496559257908,-0.8281091291067143,0.8850965717282526,0.0,1.0,1.0,0.0,0.0,0.0,0.0,0.0,1.0,0.0,1.0,0.0,1.0,0.0,1
-1.4679422172654821,0.39436224217941673,-0.8495143562527473,-0.5448116995677182,1.6123613538550265,0.5063959691934012,0.0,1.0,0.0,0.0,0.0,1.0,0.0,1.0,0.0,0.0,1.0,0.0,0.0,1.0,0
-0.3019643065717778,0.11763003782024622,-1.568881253519162,-0.5448116995677182,0.5277078058720306,1.0744468729956784,0.0,1.0,0.0,0.0,1.0,0.0,0.0,1.0,0.0,1.0,0.0,0.0,1.0,0.0,1
-0.831954265978007,-0.7125665752572653,-0.27770989945123814,-0.5448116995677182,0.5277078058720306,-0.8190561396785782,0.0,1.0,0.0,0.0,1.0,0.0,0.0,1.0,0.0,1.0,0.0,0.0,0.0,1.0,0
0.546019628478189,-0.6018736935135971,-0.22237398427689853,-0.5448116995677182,-0.7506338756793575,0.41172081855968856,0.0,1.0,1.0,0.0,0.0,0.0,0.0,1.0,0.0,0.0,1.0,1.0,0.0,0.0,1
0.7580156122406806,-0.43583437089809485,0.8658990141517803,-0.5448116995677182,-0.8281091291067143,-0.8190561396785782,0.0,1.0,1.0,0.0,0.0,0.0,0.0,0.0,1.0,0.0,1.0,0.0,0.0,1.0,0
-0.9379522578592528,0.39436224217941673,-0.3883817297999173,-0.5448116995677182,0.2952820455899601,-0.8190561396785782,0.0,1.0,1.0,0.0,0.0,0.0,0.0,1.0,0.0,1.0,0.0,0.0,0.0,1.0,0
